Country Name,Country ISO3,Year,Indicator Name,Indicator Code,Value
#country+name,#country+code,#date+year,#indicator+name,#indicator+code,#indicator+value+num
Eritrea,ERI,2023,"Employment in agriculture, female (% of female employment) (modeled ILO estimate)",SL.AGR.EMPL.FE.ZS,63.9776420297477
Eritrea,ERI,2022,"Employment in agriculture, female (% of female employment) (modeled ILO estimate)",SL.AGR.EMPL.FE.ZS,64.3421891015874
Eritrea,ERI,2021,"Employment in agriculture, female (% of female employment) (modeled ILO estimate)",SL.AGR.EMPL.FE.ZS,65.0357155171423
Eritrea,ERI,2020,"Employment in agriculture, female (% of female employment) (modeled ILO estimate)",SL.AGR.EMPL.FE.ZS,64.9248509572459
Eritrea,ERI,2019,"Employment in agriculture, female (% of female employment) (modeled ILO estimate)",SL.AGR.EMPL.FE.ZS,64.8880979490352
Eritrea,ERI,2018,"Employment in agriculture, female (% of female employment) (modeled ILO estimate)",SL.AGR.EMPL.FE.ZS,65.4991593154404
Eritrea,ERI,2017,"Employment in agriculture, female (% of female employment) (modeled ILO estimate)",SL.AGR.EMPL.FE.ZS,66.8979311885889
Eritrea,ERI,2016,"Employment in agriculture, female (% of female employment) (modeled ILO estimate)",SL.AGR.EMPL.FE.ZS,66.0952500470603
Eritrea,ERI,2015,"Employment in agriculture, female (% of female employment) (modeled ILO estimate)",SL.AGR.EMPL.FE.ZS,67.0740893661415
Eritrea,ERI,2014,"Employment in agriculture, female (% of female employment) (modeled ILO estimate)",SL.AGR.EMPL.FE.ZS,65.4978406246793
Eritrea,ERI,2013,"Employment in agriculture, female (% of female employment) (modeled ILO estimate)",SL.AGR.EMPL.FE.ZS,67.4197158219463
Eritrea,ERI,2012,"Employment in agriculture, female (% of female employment) (modeled ILO estimate)",SL.AGR.EMPL.FE.ZS,66.5602149413175
Eritrea,ERI,2011,"Employment in agriculture, female (% of female employment) (modeled ILO estimate)",SL.AGR.EMPL.FE.ZS,66.9322103445965
Eritrea,ERI,2010,"Employment in agriculture, female (% of female employment) (modeled ILO estimate)",SL.AGR.EMPL.FE.ZS,68.0617052560955
Eritrea,ERI,2009,"Employment in agriculture, female (% of female employment) (modeled ILO estimate)",SL.AGR.EMPL.FE.ZS,67.8909777187074
Eritrea,ERI,2008,"Employment in agriculture, female (% of female employment) (modeled ILO estimate)",SL.AGR.EMPL.FE.ZS,68.5279915774304
Eritrea,ERI,2007,"Employment in agriculture, female (% of female employment) (modeled ILO estimate)",SL.AGR.EMPL.FE.ZS,67.6193278008598
Eritrea,ERI,2006,"Employment in agriculture, female (% of female employment) (modeled ILO estimate)",SL.AGR.EMPL.FE.ZS,67.8498090607686
Eritrea,ERI,2005,"Employment in agriculture, female (% of female employment) (modeled ILO estimate)",SL.AGR.EMPL.FE.ZS,67.9674940800171
Eritrea,ERI,2004,"Employment in agriculture, female (% of female employment) (modeled ILO estimate)",SL.AGR.EMPL.FE.ZS,68.5172729127776
Eritrea,ERI,2003,"Employment in agriculture, female (% of female employment) (modeled ILO estimate)",SL.AGR.EMPL.FE.ZS,68.9799485922602
Eritrea,ERI,2002,"Employment in agriculture, female (% of female employment) (modeled ILO estimate)",SL.AGR.EMPL.FE.ZS,68.6135647383151
Eritrea,ERI,2001,"Employment in agriculture, female (% of female employment) (modeled ILO estimate)",SL.AGR.EMPL.FE.ZS,69.0956038425348
Eritrea,ERI,2000,"Employment in agriculture, female (% of female employment) (modeled ILO estimate)",SL.AGR.EMPL.FE.ZS,70.3347331236652
Eritrea,ERI,1999,"Employment in agriculture, female (% of female employment) (modeled ILO estimate)",SL.AGR.EMPL.FE.ZS,69.8682747393009
Eritrea,ERI,1998,"Employment in agriculture, female (% of female employment) (modeled ILO estimate)",SL.AGR.EMPL.FE.ZS,69.6499240370718
Eritrea,ERI,1997,"Employment in agriculture, female (% of female employment) (modeled ILO estimate)",SL.AGR.EMPL.FE.ZS,69.1744345497557
Eritrea,ERI,1996,"Employment in agriculture, female (% of female employment) (modeled ILO estimate)",SL.AGR.EMPL.FE.ZS,70.0150135305708
Eritrea,ERI,1995,"Employment in agriculture, female (% of female employment) (modeled ILO estimate)",SL.AGR.EMPL.FE.ZS,70.6053248717243
Eritrea,ERI,1994,"Employment in agriculture, female (% of female employment) (modeled ILO estimate)",SL.AGR.EMPL.FE.ZS,70.6422066393996
Eritrea,ERI,1993,"Employment in agriculture, female (% of female employment) (modeled ILO estimate)",SL.AGR.EMPL.FE.ZS,71.4155199456689
Eritrea,ERI,1992,"Employment in agriculture, female (% of female employment) (modeled ILO estimate)",SL.AGR.EMPL.FE.ZS,71.8603305968987
Eritrea,ERI,1991,"Employment in agriculture, female (% of female employment) (modeled ILO estimate)",SL.AGR.EMPL.FE.ZS,71.4564637368507
Eritrea,ERI,2023,"Employment in agriculture, male (% of male employment) (modeled ILO estimate)",SL.AGR.EMPL.MA.ZS,58.0773399923555
Eritrea,ERI,2022,"Employment in agriculture, male (% of male employment) (modeled ILO estimate)",SL.AGR.EMPL.MA.ZS,58.5189736714706
Eritrea,ERI,2021,"Employment in agriculture, male (% of male employment) (modeled ILO estimate)",SL.AGR.EMPL.MA.ZS,58.8393482252974
Eritrea,ERI,2020,"Employment in agriculture, male (% of male employment) (modeled ILO estimate)",SL.AGR.EMPL.MA.ZS,59.1564633504382
Eritrea,ERI,2019,"Employment in agriculture, male (% of male employment) (modeled ILO estimate)",SL.AGR.EMPL.MA.ZS,58.7751063913067
Eritrea,ERI,2018,"Employment in agriculture, male (% of male employment) (modeled ILO estimate)",SL.AGR.EMPL.MA.ZS,59.526492405025
Eritrea,ERI,2017,"Employment in agriculture, male (% of male employment) (modeled ILO estimate)",SL.AGR.EMPL.MA.ZS,61.4730514703319
Eritrea,ERI,2016,"Employment in agriculture, male (% of male employment) (modeled ILO estimate)",SL.AGR.EMPL.MA.ZS,60.2975237816149
Eritrea,ERI,2015,"Employment in agriculture, male (% of male employment) (modeled ILO estimate)",SL.AGR.EMPL.MA.ZS,61.6283890576647
Eritrea,ERI,2014,"Employment in agriculture, male (% of male employment) (modeled ILO estimate)",SL.AGR.EMPL.MA.ZS,59.9008852676624
Eritrea,ERI,2013,"Employment in agriculture, male (% of male employment) (modeled ILO estimate)",SL.AGR.EMPL.MA.ZS,62.5397949864718
Eritrea,ERI,2012,"Employment in agriculture, male (% of male employment) (modeled ILO estimate)",SL.AGR.EMPL.MA.ZS,61.3475443757911
Eritrea,ERI,2011,"Employment in agriculture, male (% of male employment) (modeled ILO estimate)",SL.AGR.EMPL.MA.ZS,61.8426378964413
Eritrea,ERI,2010,"Employment in agriculture, male (% of male employment) (modeled ILO estimate)",SL.AGR.EMPL.MA.ZS,63.0516652408273
Eritrea,ERI,2009,"Employment in agriculture, male (% of male employment) (modeled ILO estimate)",SL.AGR.EMPL.MA.ZS,63.5988342002531
Eritrea,ERI,2008,"Employment in agriculture, male (% of male employment) (modeled ILO estimate)",SL.AGR.EMPL.MA.ZS,64.1787086741683
Eritrea,ERI,2007,"Employment in agriculture, male (% of male employment) (modeled ILO estimate)",SL.AGR.EMPL.MA.ZS,63.0567283732595
Eritrea,ERI,2006,"Employment in agriculture, male (% of male employment) (modeled ILO estimate)",SL.AGR.EMPL.MA.ZS,63.4278146651744
Eritrea,ERI,2005,"Employment in agriculture, male (% of male employment) (modeled ILO estimate)",SL.AGR.EMPL.MA.ZS,63.4377925006579
Eritrea,ERI,2004,"Employment in agriculture, male (% of male employment) (modeled ILO estimate)",SL.AGR.EMPL.MA.ZS,63.3798245134485
Eritrea,ERI,2003,"Employment in agriculture, male (% of male employment) (modeled ILO estimate)",SL.AGR.EMPL.MA.ZS,63.1851373914231
Eritrea,ERI,2002,"Employment in agriculture, male (% of male employment) (modeled ILO estimate)",SL.AGR.EMPL.MA.ZS,62.7328792550894
Eritrea,ERI,2001,"Employment in agriculture, male (% of male employment) (modeled ILO estimate)",SL.AGR.EMPL.MA.ZS,62.949211424962
Eritrea,ERI,2000,"Employment in agriculture, male (% of male employment) (modeled ILO estimate)",SL.AGR.EMPL.MA.ZS,63.6514431502327
Eritrea,ERI,1999,"Employment in agriculture, male (% of male employment) (modeled ILO estimate)",SL.AGR.EMPL.MA.ZS,63.8763256394261
Eritrea,ERI,1998,"Employment in agriculture, male (% of male employment) (modeled ILO estimate)",SL.AGR.EMPL.MA.ZS,64.2927125847022
Eritrea,ERI,1997,"Employment in agriculture, male (% of male employment) (modeled ILO estimate)",SL.AGR.EMPL.MA.ZS,65.0007410517995
Eritrea,ERI,1996,"Employment in agriculture, male (% of male employment) (modeled ILO estimate)",SL.AGR.EMPL.MA.ZS,65.4749047799634
Eritrea,ERI,1995,"Employment in agriculture, male (% of male employment) (modeled ILO estimate)",SL.AGR.EMPL.MA.ZS,65.8281599476297
Eritrea,ERI,1994,"Employment in agriculture, male (% of male employment) (modeled ILO estimate)",SL.AGR.EMPL.MA.ZS,65.8266780267211
Eritrea,ERI,1993,"Employment in agriculture, male (% of male employment) (modeled ILO estimate)",SL.AGR.EMPL.MA.ZS,66.6345829111786
Eritrea,ERI,1992,"Employment in agriculture, male (% of male employment) (modeled ILO estimate)",SL.AGR.EMPL.MA.ZS,67.3568211709378
Eritrea,ERI,1991,"Employment in agriculture, male (% of male employment) (modeled ILO estimate)",SL.AGR.EMPL.MA.ZS,67.5924503711978
Eritrea,ERI,2023,Employment in agriculture (% of total employment) (modeled ILO estimate),SL.AGR.EMPL.ZS,60.8626404510475
Eritrea,ERI,2022,Employment in agriculture (% of total employment) (modeled ILO estimate),SL.AGR.EMPL.ZS,61.2711370644112
Eritrea,ERI,2021,Employment in agriculture (% of total employment) (modeled ILO estimate),SL.AGR.EMPL.ZS,61.7758175679494
Eritrea,ERI,2020,Employment in agriculture (% of total employment) (modeled ILO estimate),SL.AGR.EMPL.ZS,61.8914559413961
Eritrea,ERI,2019,Employment in agriculture (% of total employment) (modeled ILO estimate),SL.AGR.EMPL.ZS,61.6762543399823
Eritrea,ERI,2018,Employment in agriculture (% of total employment) (modeled ILO estimate),SL.AGR.EMPL.ZS,62.3580739319998
Eritrea,ERI,2017,Employment in agriculture (% of total employment) (modeled ILO estimate),SL.AGR.EMPL.ZS,64.040947729725
Eritrea,ERI,2016,Employment in agriculture (% of total employment) (modeled ILO estimate),SL.AGR.EMPL.ZS,63.0407965132505
Eritrea,ERI,2015,Employment in agriculture (% of total employment) (modeled ILO estimate),SL.AGR.EMPL.ZS,64.2047415865878
Eritrea,ERI,2014,Employment in agriculture (% of total employment) (modeled ILO estimate),SL.AGR.EMPL.ZS,62.5521162916986
Eritrea,ERI,2013,Employment in agriculture (% of total employment) (modeled ILO estimate),SL.AGR.EMPL.ZS,64.84961772297
Eritrea,ERI,2012,Employment in agriculture (% of total employment) (modeled ILO estimate),SL.AGR.EMPL.ZS,63.8140906571824
Eritrea,ERI,2011,Employment in agriculture (% of total employment) (modeled ILO estimate),SL.AGR.EMPL.ZS,64.2495338287273
Eritrea,ERI,2010,Employment in agriculture (% of total employment) (modeled ILO estimate),SL.AGR.EMPL.ZS,65.4194763614909
Eritrea,ERI,2009,Employment in agriculture (% of total employment) (modeled ILO estimate),SL.AGR.EMPL.ZS,65.6285408941079
Eritrea,ERI,2008,Employment in agriculture (% of total employment) (modeled ILO estimate),SL.AGR.EMPL.ZS,66.2355675389552
Eritrea,ERI,2007,Employment in agriculture (% of total employment) (modeled ILO estimate),SL.AGR.EMPL.ZS,65.2149265250785
Eritrea,ERI,2006,Employment in agriculture (% of total employment) (modeled ILO estimate),SL.AGR.EMPL.ZS,65.5222751238659
Eritrea,ERI,2005,Employment in agriculture (% of total employment) (modeled ILO estimate),SL.AGR.EMPL.ZS,65.5865036529261
Eritrea,ERI,2004,Employment in agriculture (% of total employment) (modeled ILO estimate),SL.AGR.EMPL.ZS,65.8193755489583
Eritrea,ERI,2003,Employment in agriculture (% of total employment) (modeled ILO estimate),SL.AGR.EMPL.ZS,65.9343586527145
Eritrea,ERI,2002,Employment in agriculture (% of total employment) (modeled ILO estimate),SL.AGR.EMPL.ZS,65.5219146912824
Eritrea,ERI,2001,Employment in agriculture (% of total employment) (modeled ILO estimate),SL.AGR.EMPL.ZS,65.8641552511416
Eritrea,ERI,2000,Employment in agriculture (% of total employment) (modeled ILO estimate),SL.AGR.EMPL.ZS,66.8255568109839
Eritrea,ERI,1999,Employment in agriculture (% of total employment) (modeled ILO estimate),SL.AGR.EMPL.ZS,66.7124552021685
Eritrea,ERI,1998,Employment in agriculture (% of total employment) (modeled ILO estimate),SL.AGR.EMPL.ZS,66.8148254433078
Eritrea,ERI,1997,Employment in agriculture (% of total employment) (modeled ILO estimate),SL.AGR.EMPL.ZS,66.9663344728333
Eritrea,ERI,1996,Employment in agriculture (% of total employment) (modeled ILO estimate),SL.AGR.EMPL.ZS,67.6210587176623
Eritrea,ERI,1995,Employment in agriculture (% of total employment) (modeled ILO estimate),SL.AGR.EMPL.ZS,68.0857944514647
Eritrea,ERI,1994,Employment in agriculture (% of total employment) (modeled ILO estimate),SL.AGR.EMPL.ZS,68.0996478929812
Eritrea,ERI,1993,Employment in agriculture (% of total employment) (modeled ILO estimate),SL.AGR.EMPL.ZS,68.8927415802993
Eritrea,ERI,1992,Employment in agriculture (% of total employment) (modeled ILO estimate),SL.AGR.EMPL.ZS,69.4844878582063
Eritrea,ERI,1991,Employment in agriculture (% of total employment) (modeled ILO estimate),SL.AGR.EMPL.ZS,69.4201435690133
Eritrea,ERI,2024,"Employment to population ratio, ages 15-24, female (%) (modeled ILO estimate)",SL.EMP.1524.SP.FE.ZS,58.467
Eritrea,ERI,2023,"Employment to population ratio, ages 15-24, female (%) (modeled ILO estimate)",SL.EMP.1524.SP.FE.ZS,58.532
Eritrea,ERI,2022,"Employment to population ratio, ages 15-24, female (%) (modeled ILO estimate)",SL.EMP.1524.SP.FE.ZS,58.407
Eritrea,ERI,2021,"Employment to population ratio, ages 15-24, female (%) (modeled ILO estimate)",SL.EMP.1524.SP.FE.ZS,56.83
Eritrea,ERI,2020,"Employment to population ratio, ages 15-24, female (%) (modeled ILO estimate)",SL.EMP.1524.SP.FE.ZS,56.517
Eritrea,ERI,2019,"Employment to population ratio, ages 15-24, female (%) (modeled ILO estimate)",SL.EMP.1524.SP.FE.ZS,58.605
Eritrea,ERI,2018,"Employment to population ratio, ages 15-24, female (%) (modeled ILO estimate)",SL.EMP.1524.SP.FE.ZS,59.173
Eritrea,ERI,2017,"Employment to population ratio, ages 15-24, female (%) (modeled ILO estimate)",SL.EMP.1524.SP.FE.ZS,59.38
Eritrea,ERI,2016,"Employment to population ratio, ages 15-24, female (%) (modeled ILO estimate)",SL.EMP.1524.SP.FE.ZS,59.44
Eritrea,ERI,2015,"Employment to population ratio, ages 15-24, female (%) (modeled ILO estimate)",SL.EMP.1524.SP.FE.ZS,59.413
Eritrea,ERI,2014,"Employment to population ratio, ages 15-24, female (%) (modeled ILO estimate)",SL.EMP.1524.SP.FE.ZS,59.367
Eritrea,ERI,2013,"Employment to population ratio, ages 15-24, female (%) (modeled ILO estimate)",SL.EMP.1524.SP.FE.ZS,59.215
Eritrea,ERI,2012,"Employment to population ratio, ages 15-24, female (%) (modeled ILO estimate)",SL.EMP.1524.SP.FE.ZS,59.202
Eritrea,ERI,2011,"Employment to population ratio, ages 15-24, female (%) (modeled ILO estimate)",SL.EMP.1524.SP.FE.ZS,59.235
Eritrea,ERI,2010,"Employment to population ratio, ages 15-24, female (%) (modeled ILO estimate)",SL.EMP.1524.SP.FE.ZS,59.365
Eritrea,ERI,2009,"Employment to population ratio, ages 15-24, female (%) (modeled ILO estimate)",SL.EMP.1524.SP.FE.ZS,59.709
Eritrea,ERI,2008,"Employment to population ratio, ages 15-24, female (%) (modeled ILO estimate)",SL.EMP.1524.SP.FE.ZS,60.127
Eritrea,ERI,2007,"Employment to population ratio, ages 15-24, female (%) (modeled ILO estimate)",SL.EMP.1524.SP.FE.ZS,60.315
Eritrea,ERI,2006,"Employment to population ratio, ages 15-24, female (%) (modeled ILO estimate)",SL.EMP.1524.SP.FE.ZS,60.156
Eritrea,ERI,2005,"Employment to population ratio, ages 15-24, female (%) (modeled ILO estimate)",SL.EMP.1524.SP.FE.ZS,59.92
Eritrea,ERI,2004,"Employment to population ratio, ages 15-24, female (%) (modeled ILO estimate)",SL.EMP.1524.SP.FE.ZS,60.015
Eritrea,ERI,2003,"Employment to population ratio, ages 15-24, female (%) (modeled ILO estimate)",SL.EMP.1524.SP.FE.ZS,60.524
Eritrea,ERI,2002,"Employment to population ratio, ages 15-24, female (%) (modeled ILO estimate)",SL.EMP.1524.SP.FE.ZS,61.294
Eritrea,ERI,2001,"Employment to population ratio, ages 15-24, female (%) (modeled ILO estimate)",SL.EMP.1524.SP.FE.ZS,61.86
Eritrea,ERI,2000,"Employment to population ratio, ages 15-24, female (%) (modeled ILO estimate)",SL.EMP.1524.SP.FE.ZS,62.384
Eritrea,ERI,1999,"Employment to population ratio, ages 15-24, female (%) (modeled ILO estimate)",SL.EMP.1524.SP.FE.ZS,62.12
Eritrea,ERI,1998,"Employment to population ratio, ages 15-24, female (%) (modeled ILO estimate)",SL.EMP.1524.SP.FE.ZS,61.759
Eritrea,ERI,1997,"Employment to population ratio, ages 15-24, female (%) (modeled ILO estimate)",SL.EMP.1524.SP.FE.ZS,61.216
Eritrea,ERI,1996,"Employment to population ratio, ages 15-24, female (%) (modeled ILO estimate)",SL.EMP.1524.SP.FE.ZS,60.531
Eritrea,ERI,1995,"Employment to population ratio, ages 15-24, female (%) (modeled ILO estimate)",SL.EMP.1524.SP.FE.ZS,61.056
Eritrea,ERI,1994,"Employment to population ratio, ages 15-24, female (%) (modeled ILO estimate)",SL.EMP.1524.SP.FE.ZS,61.889
Eritrea,ERI,1993,"Employment to population ratio, ages 15-24, female (%) (modeled ILO estimate)",SL.EMP.1524.SP.FE.ZS,62.089
Eritrea,ERI,1992,"Employment to population ratio, ages 15-24, female (%) (modeled ILO estimate)",SL.EMP.1524.SP.FE.ZS,62.369
Eritrea,ERI,1991,"Employment to population ratio, ages 15-24, female (%) (modeled ILO estimate)",SL.EMP.1524.SP.FE.ZS,62.429
Eritrea,ERI,2024,"Employment to population ratio, ages 15-24, male (%) (modeled ILO estimate)",SL.EMP.1524.SP.MA.ZS,65.663
Eritrea,ERI,2023,"Employment to population ratio, ages 15-24, male (%) (modeled ILO estimate)",SL.EMP.1524.SP.MA.ZS,65.743
Eritrea,ERI,2022,"Employment to population ratio, ages 15-24, male (%) (modeled ILO estimate)",SL.EMP.1524.SP.MA.ZS,65.66
Eritrea,ERI,2021,"Employment to population ratio, ages 15-24, male (%) (modeled ILO estimate)",SL.EMP.1524.SP.MA.ZS,63.886
Eritrea,ERI,2020,"Employment to population ratio, ages 15-24, male (%) (modeled ILO estimate)",SL.EMP.1524.SP.MA.ZS,63.748
Eritrea,ERI,2019,"Employment to population ratio, ages 15-24, male (%) (modeled ILO estimate)",SL.EMP.1524.SP.MA.ZS,65.699
Eritrea,ERI,2018,"Employment to population ratio, ages 15-24, male (%) (modeled ILO estimate)",SL.EMP.1524.SP.MA.ZS,66.513
Eritrea,ERI,2017,"Employment to population ratio, ages 15-24, male (%) (modeled ILO estimate)",SL.EMP.1524.SP.MA.ZS,67.057
Eritrea,ERI,2016,"Employment to population ratio, ages 15-24, male (%) (modeled ILO estimate)",SL.EMP.1524.SP.MA.ZS,67.391
Eritrea,ERI,2015,"Employment to population ratio, ages 15-24, male (%) (modeled ILO estimate)",SL.EMP.1524.SP.MA.ZS,67.415
Eritrea,ERI,2014,"Employment to population ratio, ages 15-24, male (%) (modeled ILO estimate)",SL.EMP.1524.SP.MA.ZS,67.372
Eritrea,ERI,2013,"Employment to population ratio, ages 15-24, male (%) (modeled ILO estimate)",SL.EMP.1524.SP.MA.ZS,67.349
Eritrea,ERI,2012,"Employment to population ratio, ages 15-24, male (%) (modeled ILO estimate)",SL.EMP.1524.SP.MA.ZS,67.526
Eritrea,ERI,2011,"Employment to population ratio, ages 15-24, male (%) (modeled ILO estimate)",SL.EMP.1524.SP.MA.ZS,67.693
Eritrea,ERI,2010,"Employment to population ratio, ages 15-24, male (%) (modeled ILO estimate)",SL.EMP.1524.SP.MA.ZS,67.983
Eritrea,ERI,2009,"Employment to population ratio, ages 15-24, male (%) (modeled ILO estimate)",SL.EMP.1524.SP.MA.ZS,68.351
Eritrea,ERI,2008,"Employment to population ratio, ages 15-24, male (%) (modeled ILO estimate)",SL.EMP.1524.SP.MA.ZS,68.89
Eritrea,ERI,2007,"Employment to population ratio, ages 15-24, male (%) (modeled ILO estimate)",SL.EMP.1524.SP.MA.ZS,69.236
Eritrea,ERI,2006,"Employment to population ratio, ages 15-24, male (%) (modeled ILO estimate)",SL.EMP.1524.SP.MA.ZS,69
Eritrea,ERI,2005,"Employment to population ratio, ages 15-24, male (%) (modeled ILO estimate)",SL.EMP.1524.SP.MA.ZS,68.653
Eritrea,ERI,2004,"Employment to population ratio, ages 15-24, male (%) (modeled ILO estimate)",SL.EMP.1524.SP.MA.ZS,68.686
Eritrea,ERI,2003,"Employment to population ratio, ages 15-24, male (%) (modeled ILO estimate)",SL.EMP.1524.SP.MA.ZS,69.507
Eritrea,ERI,2002,"Employment to population ratio, ages 15-24, male (%) (modeled ILO estimate)",SL.EMP.1524.SP.MA.ZS,70.469
Eritrea,ERI,2001,"Employment to population ratio, ages 15-24, male (%) (modeled ILO estimate)",SL.EMP.1524.SP.MA.ZS,71.18
Eritrea,ERI,2000,"Employment to population ratio, ages 15-24, male (%) (modeled ILO estimate)",SL.EMP.1524.SP.MA.ZS,71.479
Eritrea,ERI,1999,"Employment to population ratio, ages 15-24, male (%) (modeled ILO estimate)",SL.EMP.1524.SP.MA.ZS,71.111
Eritrea,ERI,1998,"Employment to population ratio, ages 15-24, male (%) (modeled ILO estimate)",SL.EMP.1524.SP.MA.ZS,70.539
Eritrea,ERI,1997,"Employment to population ratio, ages 15-24, male (%) (modeled ILO estimate)",SL.EMP.1524.SP.MA.ZS,69.661
Eritrea,ERI,1996,"Employment to population ratio, ages 15-24, male (%) (modeled ILO estimate)",SL.EMP.1524.SP.MA.ZS,68.544
Eritrea,ERI,1995,"Employment to population ratio, ages 15-24, male (%) (modeled ILO estimate)",SL.EMP.1524.SP.MA.ZS,69.296
Eritrea,ERI,1994,"Employment to population ratio, ages 15-24, male (%) (modeled ILO estimate)",SL.EMP.1524.SP.MA.ZS,70.542
Eritrea,ERI,1993,"Employment to population ratio, ages 15-24, male (%) (modeled ILO estimate)",SL.EMP.1524.SP.MA.ZS,70.777
Eritrea,ERI,1992,"Employment to population ratio, ages 15-24, male (%) (modeled ILO estimate)",SL.EMP.1524.SP.MA.ZS,71.185
Eritrea,ERI,1991,"Employment to population ratio, ages 15-24, male (%) (modeled ILO estimate)",SL.EMP.1524.SP.MA.ZS,71.202
Eritrea,ERI,2024,"Employment to population ratio, ages 15-24, total (%) (modeled ILO estimate)",SL.EMP.1524.SP.ZS,62.087
Eritrea,ERI,2023,"Employment to population ratio, ages 15-24, total (%) (modeled ILO estimate)",SL.EMP.1524.SP.ZS,62.16
Eritrea,ERI,2022,"Employment to population ratio, ages 15-24, total (%) (modeled ILO estimate)",SL.EMP.1524.SP.ZS,62.057
Eritrea,ERI,2021,"Employment to population ratio, ages 15-24, total (%) (modeled ILO estimate)",SL.EMP.1524.SP.ZS,60.381
Eritrea,ERI,2020,"Employment to population ratio, ages 15-24, total (%) (modeled ILO estimate)",SL.EMP.1524.SP.ZS,60.157
Eritrea,ERI,2019,"Employment to population ratio, ages 15-24, total (%) (modeled ILO estimate)",SL.EMP.1524.SP.ZS,62.176
Eritrea,ERI,2018,"Employment to population ratio, ages 15-24, total (%) (modeled ILO estimate)",SL.EMP.1524.SP.ZS,62.868
Eritrea,ERI,2017,"Employment to population ratio, ages 15-24, total (%) (modeled ILO estimate)",SL.EMP.1524.SP.ZS,63.244
Eritrea,ERI,2016,"Employment to population ratio, ages 15-24, total (%) (modeled ILO estimate)",SL.EMP.1524.SP.ZS,63.44
Eritrea,ERI,2015,"Employment to population ratio, ages 15-24, total (%) (modeled ILO estimate)",SL.EMP.1524.SP.ZS,63.435
Eritrea,ERI,2014,"Employment to population ratio, ages 15-24, total (%) (modeled ILO estimate)",SL.EMP.1524.SP.ZS,63.385
Eritrea,ERI,2013,"Employment to population ratio, ages 15-24, total (%) (modeled ILO estimate)",SL.EMP.1524.SP.ZS,63.293
Eritrea,ERI,2012,"Employment to population ratio, ages 15-24, total (%) (modeled ILO estimate)",SL.EMP.1524.SP.ZS,63.371
Eritrea,ERI,2011,"Employment to population ratio, ages 15-24, total (%) (modeled ILO estimate)",SL.EMP.1524.SP.ZS,63.466
Eritrea,ERI,2010,"Employment to population ratio, ages 15-24, total (%) (modeled ILO estimate)",SL.EMP.1524.SP.ZS,63.672
Eritrea,ERI,2009,"Employment to population ratio, ages 15-24, total (%) (modeled ILO estimate)",SL.EMP.1524.SP.ZS,64.024
Eritrea,ERI,2008,"Employment to population ratio, ages 15-24, total (%) (modeled ILO estimate)",SL.EMP.1524.SP.ZS,64.5
Eritrea,ERI,2007,"Employment to population ratio, ages 15-24, total (%) (modeled ILO estimate)",SL.EMP.1524.SP.ZS,64.764
Eritrea,ERI,2006,"Employment to population ratio, ages 15-24, total (%) (modeled ILO estimate)",SL.EMP.1524.SP.ZS,64.559
Eritrea,ERI,2005,"Employment to population ratio, ages 15-24, total (%) (modeled ILO estimate)",SL.EMP.1524.SP.ZS,64.26
Eritrea,ERI,2004,"Employment to population ratio, ages 15-24, total (%) (modeled ILO estimate)",SL.EMP.1524.SP.ZS,64.317
Eritrea,ERI,2003,"Employment to population ratio, ages 15-24, total (%) (modeled ILO estimate)",SL.EMP.1524.SP.ZS,64.976
Eritrea,ERI,2002,"Employment to population ratio, ages 15-24, total (%) (modeled ILO estimate)",SL.EMP.1524.SP.ZS,65.833
Eritrea,ERI,2001,"Employment to population ratio, ages 15-24, total (%) (modeled ILO estimate)",SL.EMP.1524.SP.ZS,66.46
Eritrea,ERI,2000,"Employment to population ratio, ages 15-24, total (%) (modeled ILO estimate)",SL.EMP.1524.SP.ZS,66.862
Eritrea,ERI,1999,"Employment to population ratio, ages 15-24, total (%) (modeled ILO estimate)",SL.EMP.1524.SP.ZS,66.555
Eritrea,ERI,1998,"Employment to population ratio, ages 15-24, total (%) (modeled ILO estimate)",SL.EMP.1524.SP.ZS,66.113
Eritrea,ERI,1997,"Employment to population ratio, ages 15-24, total (%) (modeled ILO estimate)",SL.EMP.1524.SP.ZS,65.407
Eritrea,ERI,1996,"Employment to population ratio, ages 15-24, total (%) (modeled ILO estimate)",SL.EMP.1524.SP.ZS,64.5
Eritrea,ERI,1995,"Employment to population ratio, ages 15-24, total (%) (modeled ILO estimate)",SL.EMP.1524.SP.ZS,65.137
Eritrea,ERI,1994,"Employment to population ratio, ages 15-24, total (%) (modeled ILO estimate)",SL.EMP.1524.SP.ZS,66.174
Eritrea,ERI,1993,"Employment to population ratio, ages 15-24, total (%) (modeled ILO estimate)",SL.EMP.1524.SP.ZS,66.386
Eritrea,ERI,1992,"Employment to population ratio, ages 15-24, total (%) (modeled ILO estimate)",SL.EMP.1524.SP.ZS,66.723
Eritrea,ERI,1991,"Employment to population ratio, ages 15-24, total (%) (modeled ILO estimate)",SL.EMP.1524.SP.ZS,66.755
Eritrea,ERI,2023,"Employers, female (% of female employment) (modeled ILO estimate)",SL.EMP.MPYR.FE.ZS,1.44625591650148
Eritrea,ERI,2022,"Employers, female (% of female employment) (modeled ILO estimate)",SL.EMP.MPYR.FE.ZS,1.43488378535612
Eritrea,ERI,2021,"Employers, female (% of female employment) (modeled ILO estimate)",SL.EMP.MPYR.FE.ZS,1.42833335248888
Eritrea,ERI,2020,"Employers, female (% of female employment) (modeled ILO estimate)",SL.EMP.MPYR.FE.ZS,1.40834817694677
Eritrea,ERI,2019,"Employers, female (% of female employment) (modeled ILO estimate)",SL.EMP.MPYR.FE.ZS,1.31431491559158
Eritrea,ERI,2018,"Employers, female (% of female employment) (modeled ILO estimate)",SL.EMP.MPYR.FE.ZS,1.32329694685928
Eritrea,ERI,2017,"Employers, female (% of female employment) (modeled ILO estimate)",SL.EMP.MPYR.FE.ZS,1.4864344814316
Eritrea,ERI,2016,"Employers, female (% of female employment) (modeled ILO estimate)",SL.EMP.MPYR.FE.ZS,1.17964485160319
Eritrea,ERI,2015,"Employers, female (% of female employment) (modeled ILO estimate)",SL.EMP.MPYR.FE.ZS,1.26024729023982
Eritrea,ERI,2014,"Employers, female (% of female employment) (modeled ILO estimate)",SL.EMP.MPYR.FE.ZS,0.93070260625153
Eritrea,ERI,2013,"Employers, female (% of female employment) (modeled ILO estimate)",SL.EMP.MPYR.FE.ZS,1.25406189111204
Eritrea,ERI,2012,"Employers, female (% of female employment) (modeled ILO estimate)",SL.EMP.MPYR.FE.ZS,0.97737163450323
Eritrea,ERI,2011,"Employers, female (% of female employment) (modeled ILO estimate)",SL.EMP.MPYR.FE.ZS,0.959128724654692
Eritrea,ERI,2010,"Employers, female (% of female employment) (modeled ILO estimate)",SL.EMP.MPYR.FE.ZS,1.03159198292307
Eritrea,ERI,2009,"Employers, female (% of female employment) (modeled ILO estimate)",SL.EMP.MPYR.FE.ZS,0.968648265980059
Eritrea,ERI,2008,"Employers, female (% of female employment) (modeled ILO estimate)",SL.EMP.MPYR.FE.ZS,0.922180424171515
Eritrea,ERI,2007,"Employers, female (% of female employment) (modeled ILO estimate)",SL.EMP.MPYR.FE.ZS,0.698838758117323
Eritrea,ERI,2006,"Employers, female (% of female employment) (modeled ILO estimate)",SL.EMP.MPYR.FE.ZS,0.66965506928158
Eritrea,ERI,2005,"Employers, female (% of female employment) (modeled ILO estimate)",SL.EMP.MPYR.FE.ZS,0.606302220893341
Eritrea,ERI,2004,"Employers, female (% of female employment) (modeled ILO estimate)",SL.EMP.MPYR.FE.ZS,0.571921975256392
Eritrea,ERI,2003,"Employers, female (% of female employment) (modeled ILO estimate)",SL.EMP.MPYR.FE.ZS,0.509896288568249
Eritrea,ERI,2002,"Employers, female (% of female employment) (modeled ILO estimate)",SL.EMP.MPYR.FE.ZS,0.421181702321538
Eritrea,ERI,2001,"Employers, female (% of female employment) (modeled ILO estimate)",SL.EMP.MPYR.FE.ZS,0.401321691940743
Eritrea,ERI,2000,"Employers, female (% of female employment) (modeled ILO estimate)",SL.EMP.MPYR.FE.ZS,0.425118726851643
Eritrea,ERI,1999,"Employers, female (% of female employment) (modeled ILO estimate)",SL.EMP.MPYR.FE.ZS,0.36693100007535
Eritrea,ERI,1998,"Employers, female (% of female employment) (modeled ILO estimate)",SL.EMP.MPYR.FE.ZS,0.343103074074245
Eritrea,ERI,1997,"Employers, female (% of female employment) (modeled ILO estimate)",SL.EMP.MPYR.FE.ZS,0.335304306001022
Eritrea,ERI,1996,"Employers, female (% of female employment) (modeled ILO estimate)",SL.EMP.MPYR.FE.ZS,0.35591034186246
Eritrea,ERI,1995,"Employers, female (% of female employment) (modeled ILO estimate)",SL.EMP.MPYR.FE.ZS,0.360657414419965
Eritrea,ERI,1994,"Employers, female (% of female employment) (modeled ILO estimate)",SL.EMP.MPYR.FE.ZS,0.339877769689606
Eritrea,ERI,1993,"Employers, female (% of female employment) (modeled ILO estimate)",SL.EMP.MPYR.FE.ZS,0.37595200750287
Eritrea,ERI,1992,"Employers, female (% of female employment) (modeled ILO estimate)",SL.EMP.MPYR.FE.ZS,0.390720594451489
Eritrea,ERI,1991,"Employers, female (% of female employment) (modeled ILO estimate)",SL.EMP.MPYR.FE.ZS,0.36404462917491
Eritrea,ERI,2023,"Employers, male (% of male employment) (modeled ILO estimate)",SL.EMP.MPYR.MA.ZS,3.10278760138952
Eritrea,ERI,2022,"Employers, male (% of male employment) (modeled ILO estimate)",SL.EMP.MPYR.MA.ZS,3.12528705669137
Eritrea,ERI,2021,"Employers, male (% of male employment) (modeled ILO estimate)",SL.EMP.MPYR.MA.ZS,3.13813135659572
Eritrea,ERI,2020,"Employers, male (% of male employment) (modeled ILO estimate)",SL.EMP.MPYR.MA.ZS,3.13808063801032
Eritrea,ERI,2019,"Employers, male (% of male employment) (modeled ILO estimate)",SL.EMP.MPYR.MA.ZS,3.24660512864811
Eritrea,ERI,2018,"Employers, male (% of male employment) (modeled ILO estimate)",SL.EMP.MPYR.MA.ZS,3.24109064225428
Eritrea,ERI,2017,"Employers, male (% of male employment) (modeled ILO estimate)",SL.EMP.MPYR.MA.ZS,3.09365912847012
Eritrea,ERI,2016,"Employers, male (% of male employment) (modeled ILO estimate)",SL.EMP.MPYR.MA.ZS,3.3700013525089
Eritrea,ERI,2015,"Employers, male (% of male employment) (modeled ILO estimate)",SL.EMP.MPYR.MA.ZS,3.29195455645281
Eritrea,ERI,2014,"Employers, male (% of male employment) (modeled ILO estimate)",SL.EMP.MPYR.MA.ZS,3.58427523595531
Eritrea,ERI,2013,"Employers, male (% of male employment) (modeled ILO estimate)",SL.EMP.MPYR.MA.ZS,3.27691620505905
Eritrea,ERI,2012,"Employers, male (% of male employment) (modeled ILO estimate)",SL.EMP.MPYR.MA.ZS,3.50815844079278
Eritrea,ERI,2011,"Employers, male (% of male employment) (modeled ILO estimate)",SL.EMP.MPYR.MA.ZS,3.5063712203879
Eritrea,ERI,2010,"Employers, male (% of male employment) (modeled ILO estimate)",SL.EMP.MPYR.MA.ZS,3.42306150652396
Eritrea,ERI,2009,"Employers, male (% of male employment) (modeled ILO estimate)",SL.EMP.MPYR.MA.ZS,3.44946038250323
Eritrea,ERI,2008,"Employers, male (% of male employment) (modeled ILO estimate)",SL.EMP.MPYR.MA.ZS,3.48887385980797
Eritrea,ERI,2007,"Employers, male (% of male employment) (modeled ILO estimate)",SL.EMP.MPYR.MA.ZS,3.68003732854629
Eritrea,ERI,2006,"Employers, male (% of male employment) (modeled ILO estimate)",SL.EMP.MPYR.MA.ZS,3.68450937209737
Eritrea,ERI,2005,"Employers, male (% of male employment) (modeled ILO estimate)",SL.EMP.MPYR.MA.ZS,3.719359254929
Eritrea,ERI,2004,"Employers, male (% of male employment) (modeled ILO estimate)",SL.EMP.MPYR.MA.ZS,3.67766646621474
Eritrea,ERI,2003,"Employers, male (% of male employment) (modeled ILO estimate)",SL.EMP.MPYR.MA.ZS,3.70073489898509
Eritrea,ERI,2002,"Employers, male (% of male employment) (modeled ILO estimate)",SL.EMP.MPYR.MA.ZS,3.74879724825554
Eritrea,ERI,2001,"Employers, male (% of male employment) (modeled ILO estimate)",SL.EMP.MPYR.MA.ZS,3.73127257653817
Eritrea,ERI,2000,"Employers, male (% of male employment) (modeled ILO estimate)",SL.EMP.MPYR.MA.ZS,3.65046501960337
Eritrea,ERI,1999,"Employers, male (% of male employment) (modeled ILO estimate)",SL.EMP.MPYR.MA.ZS,3.673827034836
Eritrea,ERI,1998,"Employers, male (% of male employment) (modeled ILO estimate)",SL.EMP.MPYR.MA.ZS,3.63354030888174
Eritrea,ERI,1997,"Employers, male (% of male employment) (modeled ILO estimate)",SL.EMP.MPYR.MA.ZS,3.59224859817701
Eritrea,ERI,1996,"Employers, male (% of male employment) (modeled ILO estimate)",SL.EMP.MPYR.MA.ZS,3.51963758676977
Eritrea,ERI,1995,"Employers, male (% of male employment) (modeled ILO estimate)",SL.EMP.MPYR.MA.ZS,3.46887785718182
Eritrea,ERI,1994,"Employers, male (% of male employment) (modeled ILO estimate)",SL.EMP.MPYR.MA.ZS,3.44265825273624
Eritrea,ERI,1993,"Employers, male (% of male employment) (modeled ILO estimate)",SL.EMP.MPYR.MA.ZS,3.3666232450427
Eritrea,ERI,1992,"Employers, male (% of male employment) (modeled ILO estimate)",SL.EMP.MPYR.MA.ZS,3.32340281375792
Eritrea,ERI,1991,"Employers, male (% of male employment) (modeled ILO estimate)",SL.EMP.MPYR.MA.ZS,3.31401708208243
Eritrea,ERI,2023,"Employers, total (% of total employment) (modeled ILO estimate)",SL.EMP.MPYR.ZS,2.3208041651999
Eritrea,ERI,2022,"Employers, total (% of total employment) (modeled ILO estimate)",SL.EMP.MPYR.ZS,2.32637002219269
Eritrea,ERI,2021,"Employers, total (% of total employment) (modeled ILO estimate)",SL.EMP.MPYR.ZS,2.32785507943003
Eritrea,ERI,2020,"Employers, total (% of total employment) (modeled ILO estimate)",SL.EMP.MPYR.ZS,2.31802493484539
Eritrea,ERI,2019,"Employers, total (% of total employment) (modeled ILO estimate)",SL.EMP.MPYR.ZS,2.32954932262237
Eritrea,ERI,2018,"Employers, total (% of total employment) (modeled ILO estimate)",SL.EMP.MPYR.ZS,2.33188387049217
Eritrea,ERI,2017,"Employers, total (% of total employment) (modeled ILO estimate)",SL.EMP.MPYR.ZS,2.33289237962955
Eritrea,ERI,2016,"Employers, total (% of total employment) (modeled ILO estimate)",SL.EMP.MPYR.ZS,2.33360449857193
Eritrea,ERI,2015,"Employers, total (% of total employment) (modeled ILO estimate)",SL.EMP.MPYR.ZS,2.33075694056652
Eritrea,ERI,2014,"Employers, total (% of total employment) (modeled ILO estimate)",SL.EMP.MPYR.ZS,2.32730003575398
Eritrea,ERI,2013,"Employers, total (% of total employment) (modeled ILO estimate)",SL.EMP.MPYR.ZS,2.3194345071979
Eritrea,ERI,2012,"Employers, total (% of total employment) (modeled ILO estimate)",SL.EMP.MPYR.ZS,2.3106588875829
Eritrea,ERI,2011,"Employers, total (% of total employment) (modeled ILO estimate)",SL.EMP.MPYR.ZS,2.30178830412612
Eritrea,ERI,2010,"Employers, total (% of total employment) (modeled ILO estimate)",SL.EMP.MPYR.ZS,2.29290028340812
Eritrea,ERI,2009,"Employers, total (% of total employment) (modeled ILO estimate)",SL.EMP.MPYR.ZS,2.27623158735064
Eritrea,ERI,2008,"Employers, total (% of total employment) (modeled ILO estimate)",SL.EMP.MPYR.ZS,2.27503556423066
Eritrea,ERI,2007,"Employers, total (% of total employment) (modeled ILO estimate)",SL.EMP.MPYR.ZS,2.26981671396519
Eritrea,ERI,2006,"Employers, total (% of total employment) (modeled ILO estimate)",SL.EMP.MPYR.ZS,2.25662172714269
Eritrea,ERI,2005,"Employers, total (% of total employment) (modeled ILO estimate)",SL.EMP.MPYR.ZS,2.2427083743713
Eritrea,ERI,2004,"Employers, total (% of total employment) (modeled ILO estimate)",SL.EMP.MPYR.ZS,2.20292101908199
Eritrea,ERI,2003,"Employers, total (% of total employment) (modeled ILO estimate)",SL.EMP.MPYR.ZS,2.18681694440719
Eritrea,ERI,2002,"Employers, total (% of total employment) (modeled ILO estimate)",SL.EMP.MPYR.ZS,2.17050789904753
Eritrea,ERI,2001,"Employers, total (% of total employment) (modeled ILO estimate)",SL.EMP.MPYR.ZS,2.15203403902034
Eritrea,ERI,2000,"Employers, total (% of total employment) (modeled ILO estimate)",SL.EMP.MPYR.ZS,2.11864225429271
Eritrea,ERI,1999,"Employers, total (% of total employment) (modeled ILO estimate)",SL.EMP.MPYR.ZS,2.10857827137651
Eritrea,ERI,1998,"Employers, total (% of total employment) (modeled ILO estimate)",SL.EMP.MPYR.ZS,2.08444071964077
Eritrea,ERI,1997,"Employers, total (% of total employment) (modeled ILO estimate)",SL.EMP.MPYR.ZS,2.05839656124386
Eritrea,ERI,1996,"Employers, total (% of total employment) (modeled ILO estimate)",SL.EMP.MPYR.ZS,2.02416609790769
Eritrea,ERI,1995,"Employers, total (% of total employment) (modeled ILO estimate)",SL.EMP.MPYR.ZS,1.99996777586735
Eritrea,ERI,1994,"Employers, total (% of total employment) (modeled ILO estimate)",SL.EMP.MPYR.ZS,1.97830012272456
Eritrea,ERI,1993,"Employers, total (% of total employment) (modeled ILO estimate)",SL.EMP.MPYR.ZS,1.95405283618339
Eritrea,ERI,1992,"Employers, total (% of total employment) (modeled ILO estimate)",SL.EMP.MPYR.ZS,1.93785157066102
Eritrea,ERI,1991,"Employers, total (% of total employment) (modeled ILO estimate)",SL.EMP.MPYR.ZS,1.91866875491349
Eritrea,ERI,2023,"Self-employed, female (% of female employment) (modeled ILO estimate)",SL.EMP.SELF.FE.ZS,85.0290599673665
Eritrea,ERI,2022,"Self-employed, female (% of female employment) (modeled ILO estimate)",SL.EMP.SELF.FE.ZS,85.0990387012771
Eritrea,ERI,2021,"Self-employed, female (% of female employment) (modeled ILO estimate)",SL.EMP.SELF.FE.ZS,85.3171296562346
Eritrea,ERI,2020,"Self-employed, female (% of female employment) (modeled ILO estimate)",SL.EMP.SELF.FE.ZS,85.6042452486819
Eritrea,ERI,2019,"Self-employed, female (% of female employment) (modeled ILO estimate)",SL.EMP.SELF.FE.ZS,85.4639400160778
Eritrea,ERI,2018,"Self-employed, female (% of female employment) (modeled ILO estimate)",SL.EMP.SELF.FE.ZS,85.6219312727034
Eritrea,ERI,2017,"Self-employed, female (% of female employment) (modeled ILO estimate)",SL.EMP.SELF.FE.ZS,85.6356334609918
Eritrea,ERI,2016,"Self-employed, female (% of female employment) (modeled ILO estimate)",SL.EMP.SELF.FE.ZS,85.6500596097132
Eritrea,ERI,2015,"Self-employed, female (% of female employment) (modeled ILO estimate)",SL.EMP.SELF.FE.ZS,85.7198238774076
Eritrea,ERI,2014,"Self-employed, female (% of female employment) (modeled ILO estimate)",SL.EMP.SELF.FE.ZS,85.9166094254562
Eritrea,ERI,2013,"Self-employed, female (% of female employment) (modeled ILO estimate)",SL.EMP.SELF.FE.ZS,86.2129166950254
Eritrea,ERI,2012,"Self-employed, female (% of female employment) (modeled ILO estimate)",SL.EMP.SELF.FE.ZS,86.3100399797286
Eritrea,ERI,2011,"Self-employed, female (% of female employment) (modeled ILO estimate)",SL.EMP.SELF.FE.ZS,86.4523680687133
Eritrea,ERI,2010,"Self-employed, female (% of female employment) (modeled ILO estimate)",SL.EMP.SELF.FE.ZS,86.4399311715687
Eritrea,ERI,2009,"Self-employed, female (% of female employment) (modeled ILO estimate)",SL.EMP.SELF.FE.ZS,86.4339891392951
Eritrea,ERI,2008,"Self-employed, female (% of female employment) (modeled ILO estimate)",SL.EMP.SELF.FE.ZS,86.0476707642747
Eritrea,ERI,2007,"Self-employed, female (% of female employment) (modeled ILO estimate)",SL.EMP.SELF.FE.ZS,85.8221643065216
Eritrea,ERI,2006,"Self-employed, female (% of female employment) (modeled ILO estimate)",SL.EMP.SELF.FE.ZS,85.6709863552309
Eritrea,ERI,2005,"Self-employed, female (% of female employment) (modeled ILO estimate)",SL.EMP.SELF.FE.ZS,85.4574213422073
Eritrea,ERI,2004,"Self-employed, female (% of female employment) (modeled ILO estimate)",SL.EMP.SELF.FE.ZS,85.5876417996176
Eritrea,ERI,2003,"Self-employed, female (% of female employment) (modeled ILO estimate)",SL.EMP.SELF.FE.ZS,85.338839124834
Eritrea,ERI,2002,"Self-employed, female (% of female employment) (modeled ILO estimate)",SL.EMP.SELF.FE.ZS,85.1939724405233
Eritrea,ERI,2001,"Self-employed, female (% of female employment) (modeled ILO estimate)",SL.EMP.SELF.FE.ZS,85.1230880325609
Eritrea,ERI,2000,"Self-employed, female (% of female employment) (modeled ILO estimate)",SL.EMP.SELF.FE.ZS,85.2215483603529
Eritrea,ERI,1999,"Self-employed, female (% of female employment) (modeled ILO estimate)",SL.EMP.SELF.FE.ZS,85.1681786111422
Eritrea,ERI,1998,"Self-employed, female (% of female employment) (modeled ILO estimate)",SL.EMP.SELF.FE.ZS,85.4940822800885
Eritrea,ERI,1997,"Self-employed, female (% of female employment) (modeled ILO estimate)",SL.EMP.SELF.FE.ZS,85.8811450295184
Eritrea,ERI,1996,"Self-employed, female (% of female employment) (modeled ILO estimate)",SL.EMP.SELF.FE.ZS,86.3250417872769
Eritrea,ERI,1995,"Self-employed, female (% of female employment) (modeled ILO estimate)",SL.EMP.SELF.FE.ZS,86.6500746397687
Eritrea,ERI,1994,"Self-employed, female (% of female employment) (modeled ILO estimate)",SL.EMP.SELF.FE.ZS,87.00975642966
Eritrea,ERI,1993,"Self-employed, female (% of female employment) (modeled ILO estimate)",SL.EMP.SELF.FE.ZS,87.2742266707631
Eritrea,ERI,1992,"Self-employed, female (% of female employment) (modeled ILO estimate)",SL.EMP.SELF.FE.ZS,87.3623439898552
Eritrea,ERI,1991,"Self-employed, female (% of female employment) (modeled ILO estimate)",SL.EMP.SELF.FE.ZS,87.5345829433164
Eritrea,ERI,2023,"Self-employed, male (% of male employment) (modeled ILO estimate)",SL.EMP.SELF.MA.ZS,68.5027208021694
Eritrea,ERI,2022,"Self-employed, male (% of male employment) (modeled ILO estimate)",SL.EMP.SELF.MA.ZS,68.7368264253528
Eritrea,ERI,2021,"Self-employed, male (% of male employment) (modeled ILO estimate)",SL.EMP.SELF.MA.ZS,68.9410537567893
Eritrea,ERI,2020,"Self-employed, male (% of male employment) (modeled ILO estimate)",SL.EMP.SELF.MA.ZS,69.4142954923242
Eritrea,ERI,2019,"Self-employed, male (% of male employment) (modeled ILO estimate)",SL.EMP.SELF.MA.ZS,69.0828819660493
Eritrea,ERI,2018,"Self-employed, male (% of male employment) (modeled ILO estimate)",SL.EMP.SELF.MA.ZS,69.3396343088944
Eritrea,ERI,2017,"Self-employed, male (% of male employment) (modeled ILO estimate)",SL.EMP.SELF.MA.ZS,69.5960335557834
Eritrea,ERI,2016,"Self-employed, male (% of male employment) (modeled ILO estimate)",SL.EMP.SELF.MA.ZS,69.2859316532167
Eritrea,ERI,2015,"Self-employed, male (% of male employment) (modeled ILO estimate)",SL.EMP.SELF.MA.ZS,69.4311632704751
Eritrea,ERI,2014,"Self-employed, male (% of male employment) (modeled ILO estimate)",SL.EMP.SELF.MA.ZS,69.1018988700011
Eritrea,ERI,2013,"Self-employed, male (% of male employment) (modeled ILO estimate)",SL.EMP.SELF.MA.ZS,69.7737340286609
Eritrea,ERI,2012,"Self-employed, male (% of male employment) (modeled ILO estimate)",SL.EMP.SELF.MA.ZS,69.4796862627232
Eritrea,ERI,2011,"Self-employed, male (% of male employment) (modeled ILO estimate)",SL.EMP.SELF.MA.ZS,69.5758093092565
Eritrea,ERI,2010,"Self-employed, male (% of male employment) (modeled ILO estimate)",SL.EMP.SELF.MA.ZS,69.7142737491998
Eritrea,ERI,2009,"Self-employed, male (% of male employment) (modeled ILO estimate)",SL.EMP.SELF.MA.ZS,69.7502751904196
Eritrea,ERI,2008,"Self-employed, male (% of male employment) (modeled ILO estimate)",SL.EMP.SELF.MA.ZS,69.4179822778891
Eritrea,ERI,2007,"Self-employed, male (% of male employment) (modeled ILO estimate)",SL.EMP.SELF.MA.ZS,69.0205469020871
Eritrea,ERI,2006,"Self-employed, male (% of male employment) (modeled ILO estimate)",SL.EMP.SELF.MA.ZS,69.173168001943
Eritrea,ERI,2005,"Self-employed, male (% of male employment) (modeled ILO estimate)",SL.EMP.SELF.MA.ZS,69.2480005862504
Eritrea,ERI,2004,"Self-employed, male (% of male employment) (modeled ILO estimate)",SL.EMP.SELF.MA.ZS,69.896676142576
Eritrea,ERI,2003,"Self-employed, male (% of male employment) (modeled ILO estimate)",SL.EMP.SELF.MA.ZS,69.9546911141744
Eritrea,ERI,2002,"Self-employed, male (% of male employment) (modeled ILO estimate)",SL.EMP.SELF.MA.ZS,69.8669964921319
Eritrea,ERI,2001,"Self-employed, male (% of male employment) (modeled ILO estimate)",SL.EMP.SELF.MA.ZS,69.9909200371094
Eritrea,ERI,2000,"Self-employed, male (% of male employment) (modeled ILO estimate)",SL.EMP.SELF.MA.ZS,70.3681439156199
Eritrea,ERI,1999,"Self-employed, male (% of male employment) (modeled ILO estimate)",SL.EMP.SELF.MA.ZS,69.9209130905867
Eritrea,ERI,1998,"Self-employed, male (% of male employment) (modeled ILO estimate)",SL.EMP.SELF.MA.ZS,69.8662635333458
Eritrea,ERI,1997,"Self-employed, male (% of male employment) (modeled ILO estimate)",SL.EMP.SELF.MA.ZS,69.8496899933305
Eritrea,ERI,1996,"Self-employed, male (% of male employment) (modeled ILO estimate)",SL.EMP.SELF.MA.ZS,70.1443964451186
Eritrea,ERI,1995,"Self-employed, male (% of male employment) (modeled ILO estimate)",SL.EMP.SELF.MA.ZS,70.1973705744367
Eritrea,ERI,1994,"Self-employed, male (% of male employment) (modeled ILO estimate)",SL.EMP.SELF.MA.ZS,70.154109749361
Eritrea,ERI,1993,"Self-employed, male (% of male employment) (modeled ILO estimate)",SL.EMP.SELF.MA.ZS,70.3944130843827
Eritrea,ERI,1992,"Self-employed, male (% of male employment) (modeled ILO estimate)",SL.EMP.SELF.MA.ZS,70.3095731537205
Eritrea,ERI,1991,"Self-employed, male (% of male employment) (modeled ILO estimate)",SL.EMP.SELF.MA.ZS,70.163606320836
Eritrea,ERI,2023,"Self-employed, total (% of total employment) (modeled ILO estimate)",SL.EMP.SELF.ZS,76.3040916761568
Eritrea,ERI,2022,"Self-employed, total (% of total employment) (modeled ILO estimate)",SL.EMP.SELF.ZS,76.4699220309912
Eritrea,ERI,2021,"Self-employed, total (% of total employment) (modeled ILO estimate)",SL.EMP.SELF.ZS,76.701704887808
Eritrea,ERI,2020,"Self-employed, total (% of total employment) (modeled ILO estimate)",SL.EMP.SELF.ZS,77.0905120800169
Eritrea,ERI,2019,"Self-employed, total (% of total employment) (modeled ILO estimate)",SL.EMP.SELF.ZS,76.8571862164431
Eritrea,ERI,2018,"Self-employed, total (% of total employment) (modeled ILO estimate)",SL.EMP.SELF.ZS,77.0589803943107
Eritrea,ERI,2017,"Self-employed, total (% of total employment) (modeled ILO estimate)",SL.EMP.SELF.ZS,77.1883215088696
Eritrea,ERI,2016,"Self-employed, total (% of total employment) (modeled ILO estimate)",SL.EMP.SELF.ZS,77.0288405013984
Eritrea,ERI,2015,"Self-employed, total (% of total employment) (modeled ILO estimate)",SL.EMP.SELF.ZS,77.1372292606844
Eritrea,ERI,2014,"Self-employed, total (% of total employment) (modeled ILO estimate)",SL.EMP.SELF.ZS,77.0669616744233
Eritrea,ERI,2013,"Self-employed, total (% of total employment) (modeled ILO estimate)",SL.EMP.SELF.ZS,77.5548504792978
Eritrea,ERI,2012,"Self-employed, total (% of total employment) (modeled ILO estimate)",SL.EMP.SELF.ZS,77.4434229998599
Eritrea,ERI,2011,"Self-employed, total (% of total employment) (modeled ILO estimate)",SL.EMP.SELF.ZS,77.5567522937482
Eritrea,ERI,2010,"Self-employed, total (% of total employment) (modeled ILO estimate)",SL.EMP.SELF.ZS,77.6189616046279
Eritrea,ERI,2009,"Self-employed, total (% of total employment) (modeled ILO estimate)",SL.EMP.SELF.ZS,77.6398170323445
Eritrea,ERI,2008,"Self-employed, total (% of total employment) (modeled ILO estimate)",SL.EMP.SELF.ZS,77.2823965329011
Eritrea,ERI,2007,"Self-employed, total (% of total employment) (modeled ILO estimate)",SL.EMP.SELF.ZS,76.9684380560137
Eritrea,ERI,2006,"Self-employed, total (% of total employment) (modeled ILO estimate)",SL.EMP.SELF.ZS,76.9872955435932
Eritrea,ERI,2005,"Self-employed, total (% of total employment) (modeled ILO estimate)",SL.EMP.SELF.ZS,76.9367949677606
Eritrea,ERI,2004,"Self-employed, total (% of total employment) (modeled ILO estimate)",SL.EMP.SELF.ZS,77.347433319786
Eritrea,ERI,2003,"Self-employed, total (% of total employment) (modeled ILO estimate)",SL.EMP.SELF.ZS,77.2533632075204
Eritrea,ERI,2002,"Self-employed, total (% of total employment) (modeled ILO estimate)",SL.EMP.SELF.ZS,77.1360289175342
Eritrea,ERI,2001,"Self-employed, total (% of total employment) (modeled ILO estimate)",SL.EMP.SELF.ZS,77.1673931091739
Eritrea,ERI,2000,"Self-employed, total (% of total employment) (modeled ILO estimate)",SL.EMP.SELF.ZS,77.4225129680037
Eritrea,ERI,1999,"Self-employed, total (% of total employment) (modeled ILO estimate)",SL.EMP.SELF.ZS,77.1379751596294
Eritrea,ERI,1998,"Self-employed, total (% of total employment) (modeled ILO estimate)",SL.EMP.SELF.ZS,77.2236588804501
Eritrea,ERI,1997,"Self-employed, total (% of total employment) (modeled ILO estimate)",SL.EMP.SELF.ZS,77.399674812331
Eritrea,ERI,1996,"Self-employed, total (% of total employment) (modeled ILO estimate)",SL.EMP.SELF.ZS,77.7929688349063
Eritrea,ERI,1995,"Self-employed, total (% of total employment) (modeled ILO estimate)",SL.EMP.SELF.ZS,77.97261869414
Eritrea,ERI,1994,"Self-employed, total (% of total employment) (modeled ILO estimate)",SL.EMP.SELF.ZS,78.1097946062989
Eritrea,ERI,1993,"Self-employed, total (% of total employment) (modeled ILO estimate)",SL.EMP.SELF.ZS,78.3671801608456
Eritrea,ERI,1992,"Self-employed, total (% of total employment) (modeled ILO estimate)",SL.EMP.SELF.ZS,78.3667017498216
Eritrea,ERI,1991,"Self-employed, total (% of total employment) (modeled ILO estimate)",SL.EMP.SELF.ZS,78.3801451388778
Eritrea,ERI,2024,"Employment to population ratio, 15+, female (%) (modeled ILO estimate)",SL.EMP.TOTL.SP.FE.ZS,67.813
Eritrea,ERI,2023,"Employment to population ratio, 15+, female (%) (modeled ILO estimate)",SL.EMP.TOTL.SP.FE.ZS,67.828
Eritrea,ERI,2022,"Employment to population ratio, 15+, female (%) (modeled ILO estimate)",SL.EMP.TOTL.SP.FE.ZS,67.736
Eritrea,ERI,2021,"Employment to population ratio, 15+, female (%) (modeled ILO estimate)",SL.EMP.TOTL.SP.FE.ZS,67.036
Eritrea,ERI,2020,"Employment to population ratio, 15+, female (%) (modeled ILO estimate)",SL.EMP.TOTL.SP.FE.ZS,66.627
Eritrea,ERI,2019,"Employment to population ratio, 15+, female (%) (modeled ILO estimate)",SL.EMP.TOTL.SP.FE.ZS,67.907
Eritrea,ERI,2018,"Employment to population ratio, 15+, female (%) (modeled ILO estimate)",SL.EMP.TOTL.SP.FE.ZS,68.095
Eritrea,ERI,2017,"Employment to population ratio, 15+, female (%) (modeled ILO estimate)",SL.EMP.TOTL.SP.FE.ZS,68.222
Eritrea,ERI,2016,"Employment to population ratio, 15+, female (%) (modeled ILO estimate)",SL.EMP.TOTL.SP.FE.ZS,68.211
Eritrea,ERI,2015,"Employment to population ratio, 15+, female (%) (modeled ILO estimate)",SL.EMP.TOTL.SP.FE.ZS,68.334
Eritrea,ERI,2014,"Employment to population ratio, 15+, female (%) (modeled ILO estimate)",SL.EMP.TOTL.SP.FE.ZS,68.295
Eritrea,ERI,2013,"Employment to population ratio, 15+, female (%) (modeled ILO estimate)",SL.EMP.TOTL.SP.FE.ZS,68.545
Eritrea,ERI,2012,"Employment to population ratio, 15+, female (%) (modeled ILO estimate)",SL.EMP.TOTL.SP.FE.ZS,68.417
Eritrea,ERI,2011,"Employment to population ratio, 15+, female (%) (modeled ILO estimate)",SL.EMP.TOTL.SP.FE.ZS,68.401
Eritrea,ERI,2010,"Employment to population ratio, 15+, female (%) (modeled ILO estimate)",SL.EMP.TOTL.SP.FE.ZS,68.467
Eritrea,ERI,2009,"Employment to population ratio, 15+, female (%) (modeled ILO estimate)",SL.EMP.TOTL.SP.FE.ZS,68.625
Eritrea,ERI,2008,"Employment to population ratio, 15+, female (%) (modeled ILO estimate)",SL.EMP.TOTL.SP.FE.ZS,68.752
Eritrea,ERI,2007,"Employment to population ratio, 15+, female (%) (modeled ILO estimate)",SL.EMP.TOTL.SP.FE.ZS,68.659
Eritrea,ERI,2006,"Employment to population ratio, 15+, female (%) (modeled ILO estimate)",SL.EMP.TOTL.SP.FE.ZS,68.722
Eritrea,ERI,2005,"Employment to population ratio, 15+, female (%) (modeled ILO estimate)",SL.EMP.TOTL.SP.FE.ZS,68.732
Eritrea,ERI,2004,"Employment to population ratio, 15+, female (%) (modeled ILO estimate)",SL.EMP.TOTL.SP.FE.ZS,68.79
Eritrea,ERI,2003,"Employment to population ratio, 15+, female (%) (modeled ILO estimate)",SL.EMP.TOTL.SP.FE.ZS,68.691
Eritrea,ERI,2002,"Employment to population ratio, 15+, female (%) (modeled ILO estimate)",SL.EMP.TOTL.SP.FE.ZS,68.659
Eritrea,ERI,2001,"Employment to population ratio, 15+, female (%) (modeled ILO estimate)",SL.EMP.TOTL.SP.FE.ZS,68.719
Eritrea,ERI,2000,"Employment to population ratio, 15+, female (%) (modeled ILO estimate)",SL.EMP.TOTL.SP.FE.ZS,68.941
Eritrea,ERI,1999,"Employment to population ratio, 15+, female (%) (modeled ILO estimate)",SL.EMP.TOTL.SP.FE.ZS,68.982
Eritrea,ERI,1998,"Employment to population ratio, 15+, female (%) (modeled ILO estimate)",SL.EMP.TOTL.SP.FE.ZS,69.096
Eritrea,ERI,1997,"Employment to population ratio, 15+, female (%) (modeled ILO estimate)",SL.EMP.TOTL.SP.FE.ZS,69.242
Eritrea,ERI,1996,"Employment to population ratio, 15+, female (%) (modeled ILO estimate)",SL.EMP.TOTL.SP.FE.ZS,69.414
Eritrea,ERI,1995,"Employment to population ratio, 15+, female (%) (modeled ILO estimate)",SL.EMP.TOTL.SP.FE.ZS,69.402
Eritrea,ERI,1994,"Employment to population ratio, 15+, female (%) (modeled ILO estimate)",SL.EMP.TOTL.SP.FE.ZS,69.287
Eritrea,ERI,1993,"Employment to population ratio, 15+, female (%) (modeled ILO estimate)",SL.EMP.TOTL.SP.FE.ZS,69.509
Eritrea,ERI,1992,"Employment to population ratio, 15+, female (%) (modeled ILO estimate)",SL.EMP.TOTL.SP.FE.ZS,69.675
Eritrea,ERI,1991,"Employment to population ratio, 15+, female (%) (modeled ILO estimate)",SL.EMP.TOTL.SP.FE.ZS,69.844
Eritrea,ERI,2024,"Employment to population ratio, 15+, male (%) (modeled ILO estimate)",SL.EMP.TOTL.SP.MA.ZS,80.157
Eritrea,ERI,2023,"Employment to population ratio, 15+, male (%) (modeled ILO estimate)",SL.EMP.TOTL.SP.MA.ZS,80.144
Eritrea,ERI,2022,"Employment to population ratio, 15+, male (%) (modeled ILO estimate)",SL.EMP.TOTL.SP.MA.ZS,79.991
Eritrea,ERI,2021,"Employment to population ratio, 15+, male (%) (modeled ILO estimate)",SL.EMP.TOTL.SP.MA.ZS,78.901
Eritrea,ERI,2020,"Employment to population ratio, 15+, male (%) (modeled ILO estimate)",SL.EMP.TOTL.SP.MA.ZS,78.486
Eritrea,ERI,2019,"Employment to population ratio, 15+, male (%) (modeled ILO estimate)",SL.EMP.TOTL.SP.MA.ZS,79.97
Eritrea,ERI,2018,"Employment to population ratio, 15+, male (%) (modeled ILO estimate)",SL.EMP.TOTL.SP.MA.ZS,80.483
Eritrea,ERI,2017,"Employment to population ratio, 15+, male (%) (modeled ILO estimate)",SL.EMP.TOTL.SP.MA.ZS,80.988
Eritrea,ERI,2016,"Employment to population ratio, 15+, male (%) (modeled ILO estimate)",SL.EMP.TOTL.SP.MA.ZS,81.093
Eritrea,ERI,2015,"Employment to population ratio, 15+, male (%) (modeled ILO estimate)",SL.EMP.TOTL.SP.MA.ZS,81.294
Eritrea,ERI,2014,"Employment to population ratio, 15+, male (%) (modeled ILO estimate)",SL.EMP.TOTL.SP.MA.ZS,81.058
Eritrea,ERI,2013,"Employment to population ratio, 15+, male (%) (modeled ILO estimate)",SL.EMP.TOTL.SP.MA.ZS,81.496
Eritrea,ERI,2012,"Employment to population ratio, 15+, male (%) (modeled ILO estimate)",SL.EMP.TOTL.SP.MA.ZS,81.468
Eritrea,ERI,2011,"Employment to population ratio, 15+, male (%) (modeled ILO estimate)",SL.EMP.TOTL.SP.MA.ZS,81.621
Eritrea,ERI,2010,"Employment to population ratio, 15+, male (%) (modeled ILO estimate)",SL.EMP.TOTL.SP.MA.ZS,81.91
Eritrea,ERI,2009,"Employment to population ratio, 15+, male (%) (modeled ILO estimate)",SL.EMP.TOTL.SP.MA.ZS,82.125
Eritrea,ERI,2008,"Employment to population ratio, 15+, male (%) (modeled ILO estimate)",SL.EMP.TOTL.SP.MA.ZS,82.436
Eritrea,ERI,2007,"Employment to population ratio, 15+, male (%) (modeled ILO estimate)",SL.EMP.TOTL.SP.MA.ZS,82.468
Eritrea,ERI,2006,"Employment to population ratio, 15+, male (%) (modeled ILO estimate)",SL.EMP.TOTL.SP.MA.ZS,82.402
Eritrea,ERI,2005,"Employment to population ratio, 15+, male (%) (modeled ILO estimate)",SL.EMP.TOTL.SP.MA.ZS,82.239
Eritrea,ERI,2004,"Employment to population ratio, 15+, male (%) (modeled ILO estimate)",SL.EMP.TOTL.SP.MA.ZS,82.272
Eritrea,ERI,2003,"Employment to population ratio, 15+, male (%) (modeled ILO estimate)",SL.EMP.TOTL.SP.MA.ZS,82.622
Eritrea,ERI,2002,"Employment to population ratio, 15+, male (%) (modeled ILO estimate)",SL.EMP.TOTL.SP.MA.ZS,83.007
Eritrea,ERI,2001,"Employment to population ratio, 15+, male (%) (modeled ILO estimate)",SL.EMP.TOTL.SP.MA.ZS,83.398
Eritrea,ERI,2000,"Employment to population ratio, 15+, male (%) (modeled ILO estimate)",SL.EMP.TOTL.SP.MA.ZS,83.644
Eritrea,ERI,1999,"Employment to population ratio, 15+, male (%) (modeled ILO estimate)",SL.EMP.TOTL.SP.MA.ZS,83.483
Eritrea,ERI,1998,"Employment to population ratio, 15+, male (%) (modeled ILO estimate)",SL.EMP.TOTL.SP.MA.ZS,83.255
Eritrea,ERI,1997,"Employment to population ratio, 15+, male (%) (modeled ILO estimate)",SL.EMP.TOTL.SP.MA.ZS,82.889
Eritrea,ERI,1996,"Employment to population ratio, 15+, male (%) (modeled ILO estimate)",SL.EMP.TOTL.SP.MA.ZS,82.463
Eritrea,ERI,1995,"Employment to population ratio, 15+, male (%) (modeled ILO estimate)",SL.EMP.TOTL.SP.MA.ZS,82.799
Eritrea,ERI,1994,"Employment to population ratio, 15+, male (%) (modeled ILO estimate)",SL.EMP.TOTL.SP.MA.ZS,83.296
Eritrea,ERI,1993,"Employment to population ratio, 15+, male (%) (modeled ILO estimate)",SL.EMP.TOTL.SP.MA.ZS,83.651
Eritrea,ERI,1992,"Employment to population ratio, 15+, male (%) (modeled ILO estimate)",SL.EMP.TOTL.SP.MA.ZS,84.01
Eritrea,ERI,1991,"Employment to population ratio, 15+, male (%) (modeled ILO estimate)",SL.EMP.TOTL.SP.MA.ZS,84.09
Eritrea,ERI,2024,"Employment to population ratio, 15+, total (%) (modeled ILO estimate)",SL.EMP.TOTL.SP.ZS,73.821
Eritrea,ERI,2023,"Employment to population ratio, 15+, total (%) (modeled ILO estimate)",SL.EMP.TOTL.SP.ZS,73.817
Eritrea,ERI,2022,"Employment to population ratio, 15+, total (%) (modeled ILO estimate)",SL.EMP.TOTL.SP.ZS,73.69
Eritrea,ERI,2021,"Employment to population ratio, 15+, total (%) (modeled ILO estimate)",SL.EMP.TOTL.SP.ZS,72.795
Eritrea,ERI,2020,"Employment to population ratio, 15+, total (%) (modeled ILO estimate)",SL.EMP.TOTL.SP.ZS,72.378
Eritrea,ERI,2019,"Employment to population ratio, 15+, total (%) (modeled ILO estimate)",SL.EMP.TOTL.SP.ZS,73.752
Eritrea,ERI,2018,"Employment to population ratio, 15+, total (%) (modeled ILO estimate)",SL.EMP.TOTL.SP.ZS,74.093
Eritrea,ERI,2017,"Employment to population ratio, 15+, total (%) (modeled ILO estimate)",SL.EMP.TOTL.SP.ZS,74.398
Eritrea,ERI,2016,"Employment to population ratio, 15+, total (%) (modeled ILO estimate)",SL.EMP.TOTL.SP.ZS,74.441
Eritrea,ERI,2015,"Employment to population ratio, 15+, total (%) (modeled ILO estimate)",SL.EMP.TOTL.SP.ZS,74.601
Eritrea,ERI,2014,"Employment to population ratio, 15+, total (%) (modeled ILO estimate)",SL.EMP.TOTL.SP.ZS,74.466
Eritrea,ERI,2013,"Employment to population ratio, 15+, total (%) (modeled ILO estimate)",SL.EMP.TOTL.SP.ZS,74.806
Eritrea,ERI,2012,"Employment to population ratio, 15+, total (%) (modeled ILO estimate)",SL.EMP.TOTL.SP.ZS,74.723
Eritrea,ERI,2011,"Employment to population ratio, 15+, total (%) (modeled ILO estimate)",SL.EMP.TOTL.SP.ZS,74.786
Eritrea,ERI,2010,"Employment to population ratio, 15+, total (%) (modeled ILO estimate)",SL.EMP.TOTL.SP.ZS,74.955
Eritrea,ERI,2009,"Employment to population ratio, 15+, total (%) (modeled ILO estimate)",SL.EMP.TOTL.SP.ZS,75.135
Eritrea,ERI,2008,"Employment to population ratio, 15+, total (%) (modeled ILO estimate)",SL.EMP.TOTL.SP.ZS,75.344
Eritrea,ERI,2007,"Employment to population ratio, 15+, total (%) (modeled ILO estimate)",SL.EMP.TOTL.SP.ZS,75.304
Eritrea,ERI,2006,"Employment to population ratio, 15+, total (%) (modeled ILO estimate)",SL.EMP.TOTL.SP.ZS,75.302
Eritrea,ERI,2005,"Employment to population ratio, 15+, total (%) (modeled ILO estimate)",SL.EMP.TOTL.SP.ZS,75.226
Eritrea,ERI,2004,"Employment to population ratio, 15+, total (%) (modeled ILO estimate)",SL.EMP.TOTL.SP.ZS,75.267
Eritrea,ERI,2003,"Employment to population ratio, 15+, total (%) (modeled ILO estimate)",SL.EMP.TOTL.SP.ZS,75.37
Eritrea,ERI,2002,"Employment to population ratio, 15+, total (%) (modeled ILO estimate)",SL.EMP.TOTL.SP.ZS,75.522
Eritrea,ERI,2001,"Employment to population ratio, 15+, total (%) (modeled ILO estimate)",SL.EMP.TOTL.SP.ZS,75.727
Eritrea,ERI,2000,"Employment to population ratio, 15+, total (%) (modeled ILO estimate)",SL.EMP.TOTL.SP.ZS,75.951
Eritrea,ERI,1999,"Employment to population ratio, 15+, total (%) (modeled ILO estimate)",SL.EMP.TOTL.SP.ZS,75.928
Eritrea,ERI,1998,"Employment to population ratio, 15+, total (%) (modeled ILO estimate)",SL.EMP.TOTL.SP.ZS,75.93
Eritrea,ERI,1997,"Employment to population ratio, 15+, total (%) (modeled ILO estimate)",SL.EMP.TOTL.SP.ZS,75.848
Eritrea,ERI,1996,"Employment to population ratio, 15+, total (%) (modeled ILO estimate)",SL.EMP.TOTL.SP.ZS,75.733
Eritrea,ERI,1995,"Employment to population ratio, 15+, total (%) (modeled ILO estimate)",SL.EMP.TOTL.SP.ZS,75.877
Eritrea,ERI,1994,"Employment to population ratio, 15+, total (%) (modeled ILO estimate)",SL.EMP.TOTL.SP.ZS,76.04
Eritrea,ERI,1993,"Employment to population ratio, 15+, total (%) (modeled ILO estimate)",SL.EMP.TOTL.SP.ZS,76.317
Eritrea,ERI,1992,"Employment to population ratio, 15+, total (%) (modeled ILO estimate)",SL.EMP.TOTL.SP.ZS,76.567
Eritrea,ERI,1991,"Employment to population ratio, 15+, total (%) (modeled ILO estimate)",SL.EMP.TOTL.SP.ZS,76.691
Eritrea,ERI,2023,"Vulnerable employment, female (% of female employment) (modeled ILO estimate)",SL.EMP.VULN.FE.ZS,83.5826692018285
Eritrea,ERI,2022,"Vulnerable employment, female (% of female employment) (modeled ILO estimate)",SL.EMP.VULN.FE.ZS,83.664154915921
Eritrea,ERI,2021,"Vulnerable employment, female (% of female employment) (modeled ILO estimate)",SL.EMP.VULN.FE.ZS,83.8886526371442
Eritrea,ERI,2020,"Vulnerable employment, female (% of female employment) (modeled ILO estimate)",SL.EMP.VULN.FE.ZS,84.1958970717351
Eritrea,ERI,2019,"Vulnerable employment, female (% of female employment) (modeled ILO estimate)",SL.EMP.VULN.FE.ZS,84.1496251004863
Eritrea,ERI,2018,"Vulnerable employment, female (% of female employment) (modeled ILO estimate)",SL.EMP.VULN.FE.ZS,84.2986343258441
Eritrea,ERI,2017,"Vulnerable employment, female (% of female employment) (modeled ILO estimate)",SL.EMP.VULN.FE.ZS,84.1493541559337
Eritrea,ERI,2016,"Vulnerable employment, female (% of female employment) (modeled ILO estimate)",SL.EMP.VULN.FE.ZS,84.47041475811
Eritrea,ERI,2015,"Vulnerable employment, female (% of female employment) (modeled ILO estimate)",SL.EMP.VULN.FE.ZS,84.4594189971602
Eritrea,ERI,2014,"Vulnerable employment, female (% of female employment) (modeled ILO estimate)",SL.EMP.VULN.FE.ZS,84.9860647259923
Eritrea,ERI,2013,"Vulnerable employment, female (% of female employment) (modeled ILO estimate)",SL.EMP.VULN.FE.ZS,84.9588548039133
Eritrea,ERI,2012,"Vulnerable employment, female (% of female employment) (modeled ILO estimate)",SL.EMP.VULN.FE.ZS,85.3326683452254
Eritrea,ERI,2011,"Vulnerable employment, female (% of female employment) (modeled ILO estimate)",SL.EMP.VULN.FE.ZS,85.4932393440586
Eritrea,ERI,2010,"Vulnerable employment, female (% of female employment) (modeled ILO estimate)",SL.EMP.VULN.FE.ZS,85.4081722913826
Eritrea,ERI,2009,"Vulnerable employment, female (% of female employment) (modeled ILO estimate)",SL.EMP.VULN.FE.ZS,85.465340873315
Eritrea,ERI,2008,"Vulnerable employment, female (% of female employment) (modeled ILO estimate)",SL.EMP.VULN.FE.ZS,85.1253154528617
Eritrea,ERI,2007,"Vulnerable employment, female (% of female employment) (modeled ILO estimate)",SL.EMP.VULN.FE.ZS,85.1233255484043
Eritrea,ERI,2006,"Vulnerable employment, female (% of female employment) (modeled ILO estimate)",SL.EMP.VULN.FE.ZS,85.0013312859493
Eritrea,ERI,2005,"Vulnerable employment, female (% of female employment) (modeled ILO estimate)",SL.EMP.VULN.FE.ZS,84.851119121314
Eritrea,ERI,2004,"Vulnerable employment, female (% of female employment) (modeled ILO estimate)",SL.EMP.VULN.FE.ZS,85.0157198243612
Eritrea,ERI,2003,"Vulnerable employment, female (% of female employment) (modeled ILO estimate)",SL.EMP.VULN.FE.ZS,84.8291419367299
Eritrea,ERI,2002,"Vulnerable employment, female (% of female employment) (modeled ILO estimate)",SL.EMP.VULN.FE.ZS,84.7727907382018
Eritrea,ERI,2001,"Vulnerable employment, female (% of female employment) (modeled ILO estimate)",SL.EMP.VULN.FE.ZS,84.7219851637891
Eritrea,ERI,2000,"Vulnerable employment, female (% of female employment) (modeled ILO estimate)",SL.EMP.VULN.FE.ZS,84.7964296335013
Eritrea,ERI,1999,"Vulnerable employment, female (% of female employment) (modeled ILO estimate)",SL.EMP.VULN.FE.ZS,84.8012476110669
Eritrea,ERI,1998,"Vulnerable employment, female (% of female employment) (modeled ILO estimate)",SL.EMP.VULN.FE.ZS,85.1509792060143
Eritrea,ERI,1997,"Vulnerable employment, female (% of female employment) (modeled ILO estimate)",SL.EMP.VULN.FE.ZS,85.5458407235173
Eritrea,ERI,1996,"Vulnerable employment, female (% of female employment) (modeled ILO estimate)",SL.EMP.VULN.FE.ZS,85.9691314454145
Eritrea,ERI,1995,"Vulnerable employment, female (% of female employment) (modeled ILO estimate)",SL.EMP.VULN.FE.ZS,86.2891737024491
Eritrea,ERI,1994,"Vulnerable employment, female (% of female employment) (modeled ILO estimate)",SL.EMP.VULN.FE.ZS,86.6696168126902
Eritrea,ERI,1993,"Vulnerable employment, female (% of female employment) (modeled ILO estimate)",SL.EMP.VULN.FE.ZS,86.8982746632602
Eritrea,ERI,1992,"Vulnerable employment, female (% of female employment) (modeled ILO estimate)",SL.EMP.VULN.FE.ZS,86.9716233954037
Eritrea,ERI,1991,"Vulnerable employment, female (% of female employment) (modeled ILO estimate)",SL.EMP.VULN.FE.ZS,87.1705383141415
Eritrea,ERI,2023,"Vulnerable employment, male (% of male employment) (modeled ILO estimate)",SL.EMP.VULN.MA.ZS,65.3999332007799
Eritrea,ERI,2022,"Vulnerable employment, male (% of male employment) (modeled ILO estimate)",SL.EMP.VULN.MA.ZS,65.6115393686614
Eritrea,ERI,2021,"Vulnerable employment, male (% of male employment) (modeled ILO estimate)",SL.EMP.VULN.MA.ZS,65.8029224001936
Eritrea,ERI,2020,"Vulnerable employment, male (% of male employment) (modeled ILO estimate)",SL.EMP.VULN.MA.ZS,66.276214854314
Eritrea,ERI,2019,"Vulnerable employment, male (% of male employment) (modeled ILO estimate)",SL.EMP.VULN.MA.ZS,65.8362768374011
Eritrea,ERI,2018,"Vulnerable employment, male (% of male employment) (modeled ILO estimate)",SL.EMP.VULN.MA.ZS,66.0985436666401
Eritrea,ERI,2017,"Vulnerable employment, male (% of male employment) (modeled ILO estimate)",SL.EMP.VULN.MA.ZS,66.5023744273132
Eritrea,ERI,2016,"Vulnerable employment, male (% of male employment) (modeled ILO estimate)",SL.EMP.VULN.MA.ZS,65.9159303007078
Eritrea,ERI,2015,"Vulnerable employment, male (% of male employment) (modeled ILO estimate)",SL.EMP.VULN.MA.ZS,66.1390672158681
Eritrea,ERI,2014,"Vulnerable employment, male (% of male employment) (modeled ILO estimate)",SL.EMP.VULN.MA.ZS,65.5177657543962
Eritrea,ERI,2013,"Vulnerable employment, male (% of male employment) (modeled ILO estimate)",SL.EMP.VULN.MA.ZS,66.4966755716395
Eritrea,ERI,2012,"Vulnerable employment, male (% of male employment) (modeled ILO estimate)",SL.EMP.VULN.MA.ZS,65.9715278219304
Eritrea,ERI,2011,"Vulnerable employment, male (% of male employment) (modeled ILO estimate)",SL.EMP.VULN.MA.ZS,66.0694380888686
Eritrea,ERI,2010,"Vulnerable employment, male (% of male employment) (modeled ILO estimate)",SL.EMP.VULN.MA.ZS,66.2910626791024
Eritrea,ERI,2009,"Vulnerable employment, male (% of male employment) (modeled ILO estimate)",SL.EMP.VULN.MA.ZS,66.3008148079163
Eritrea,ERI,2008,"Vulnerable employment, male (% of male employment) (modeled ILO estimate)",SL.EMP.VULN.MA.ZS,65.9291084180811
Eritrea,ERI,2007,"Vulnerable employment, male (% of male employment) (modeled ILO estimate)",SL.EMP.VULN.MA.ZS,65.3406715898007
Eritrea,ERI,2006,"Vulnerable employment, male (% of male employment) (modeled ILO estimate)",SL.EMP.VULN.MA.ZS,65.4884945237806
Eritrea,ERI,2005,"Vulnerable employment, male (% of male employment) (modeled ILO estimate)",SL.EMP.VULN.MA.ZS,65.5286413313214
Eritrea,ERI,2004,"Vulnerable employment, male (% of male employment) (modeled ILO estimate)",SL.EMP.VULN.MA.ZS,66.2188388366499
Eritrea,ERI,2003,"Vulnerable employment, male (% of male employment) (modeled ILO estimate)",SL.EMP.VULN.MA.ZS,66.2541359410356
Eritrea,ERI,2002,"Vulnerable employment, male (% of male employment) (modeled ILO estimate)",SL.EMP.VULN.MA.ZS,66.1181992438764
Eritrea,ERI,2001,"Vulnerable employment, male (% of male employment) (modeled ILO estimate)",SL.EMP.VULN.MA.ZS,66.2596474605712
Eritrea,ERI,2000,"Vulnerable employment, male (% of male employment) (modeled ILO estimate)",SL.EMP.VULN.MA.ZS,66.717882673231
Eritrea,ERI,1999,"Vulnerable employment, male (% of male employment) (modeled ILO estimate)",SL.EMP.VULN.MA.ZS,66.2470860557507
Eritrea,ERI,1998,"Vulnerable employment, male (% of male employment) (modeled ILO estimate)",SL.EMP.VULN.MA.ZS,66.2325178236552
Eritrea,ERI,1997,"Vulnerable employment, male (% of male employment) (modeled ILO estimate)",SL.EMP.VULN.MA.ZS,66.2574413951535
Eritrea,ERI,1996,"Vulnerable employment, male (% of male employment) (modeled ILO estimate)",SL.EMP.VULN.MA.ZS,66.6247588583488
Eritrea,ERI,1995,"Vulnerable employment, male (% of male employment) (modeled ILO estimate)",SL.EMP.VULN.MA.ZS,66.728492717255
Eritrea,ERI,1994,"Vulnerable employment, male (% of male employment) (modeled ILO estimate)",SL.EMP.VULN.MA.ZS,66.7112174295692
Eritrea,ERI,1993,"Vulnerable employment, male (% of male employment) (modeled ILO estimate)",SL.EMP.VULN.MA.ZS,67.0275486080958
Eritrea,ERI,1992,"Vulnerable employment, male (% of male employment) (modeled ILO estimate)",SL.EMP.VULN.MA.ZS,66.9859212466621
Eritrea,ERI,1991,"Vulnerable employment, male (% of male employment) (modeled ILO estimate)",SL.EMP.VULN.MA.ZS,66.8495892387535
Eritrea,ERI,2023,"Vulnerable employment, total (% of total employment) (modeled ILO estimate)",SL.EMP.VULN.ZS,73.983287510957
Eritrea,ERI,2022,"Vulnerable employment, total (% of total employment) (modeled ILO estimate)",SL.EMP.VULN.ZS,74.1436174739612
Eritrea,ERI,2021,"Vulnerable employment, total (% of total employment) (modeled ILO estimate)",SL.EMP.VULN.ZS,74.373849808378
Eritrea,ERI,2020,"Vulnerable employment, total (% of total employment) (modeled ILO estimate)",SL.EMP.VULN.ZS,74.7724871451715
Eritrea,ERI,2019,"Vulnerable employment, total (% of total employment) (modeled ILO estimate)",SL.EMP.VULN.ZS,74.5276368938207
Eritrea,ERI,2018,"Vulnerable employment, total (% of total employment) (modeled ILO estimate)",SL.EMP.VULN.ZS,74.7270965238186
Eritrea,ERI,2017,"Vulnerable employment, total (% of total employment) (modeled ILO estimate)",SL.EMP.VULN.ZS,74.8554291292401
Eritrea,ERI,2016,"Vulnerable employment, total (% of total employment) (modeled ILO estimate)",SL.EMP.VULN.ZS,74.6952360028265
Eritrea,ERI,2015,"Vulnerable employment, total (% of total employment) (modeled ILO estimate)",SL.EMP.VULN.ZS,74.8064723201178
Eritrea,ERI,2014,"Vulnerable employment, total (% of total employment) (modeled ILO estimate)",SL.EMP.VULN.ZS,74.7396616386694
Eritrea,ERI,2013,"Vulnerable employment, total (% of total employment) (modeled ILO estimate)",SL.EMP.VULN.ZS,75.2354908916551
Eritrea,ERI,2012,"Vulnerable employment, total (% of total employment) (modeled ILO estimate)",SL.EMP.VULN.ZS,75.1327641122771
Eritrea,ERI,2011,"Vulnerable employment, total (% of total employment) (modeled ILO estimate)",SL.EMP.VULN.ZS,75.2549639896221
Eritrea,ERI,2010,"Vulnerable employment, total (% of total employment) (modeled ILO estimate)",SL.EMP.VULN.ZS,75.3261401990719
Eritrea,ERI,2009,"Vulnerable employment, total (% of total employment) (modeled ILO estimate)",SL.EMP.VULN.ZS,75.3635049701278
Eritrea,ERI,2008,"Vulnerable employment, total (% of total employment) (modeled ILO estimate)",SL.EMP.VULN.ZS,75.0073609686704
Eritrea,ERI,2007,"Vulnerable employment, total (% of total employment) (modeled ILO estimate)",SL.EMP.VULN.ZS,74.6986213420486
Eritrea,ERI,2006,"Vulnerable employment, total (% of total employment) (modeled ILO estimate)",SL.EMP.VULN.ZS,74.7307601943156
Eritrea,ERI,2005,"Vulnerable employment, total (% of total employment) (modeled ILO estimate)",SL.EMP.VULN.ZS,74.694174141048
Eritrea,ERI,2004,"Vulnerable employment, total (% of total employment) (modeled ILO estimate)",SL.EMP.VULN.ZS,75.144512300704
Eritrea,ERI,2003,"Vulnerable employment, total (% of total employment) (modeled ILO estimate)",SL.EMP.VULN.ZS,75.0665462631132
Eritrea,ERI,2002,"Vulnerable employment, total (% of total employment) (modeled ILO estimate)",SL.EMP.VULN.ZS,74.9655210184867
Eritrea,ERI,2001,"Vulnerable employment, total (% of total employment) (modeled ILO estimate)",SL.EMP.VULN.ZS,75.0153590701536
Eritrea,ERI,2000,"Vulnerable employment, total (% of total employment) (modeled ILO estimate)",SL.EMP.VULN.ZS,75.303870713711
Eritrea,ERI,1999,"Vulnerable employment, total (% of total employment) (modeled ILO estimate)",SL.EMP.VULN.ZS,75.0293968882529
Eritrea,ERI,1998,"Vulnerable employment, total (% of total employment) (modeled ILO estimate)",SL.EMP.VULN.ZS,75.1392181608094
Eritrea,ERI,1997,"Vulnerable employment, total (% of total employment) (modeled ILO estimate)",SL.EMP.VULN.ZS,75.341387155196
Eritrea,ERI,1996,"Vulnerable employment, total (% of total employment) (modeled ILO estimate)",SL.EMP.VULN.ZS,75.7688027369986
Eritrea,ERI,1995,"Vulnerable employment, total (% of total employment) (modeled ILO estimate)",SL.EMP.VULN.ZS,75.9727660044608
Eritrea,ERI,1994,"Vulnerable employment, total (% of total employment) (modeled ILO estimate)",SL.EMP.VULN.ZS,76.1314944835743
Eritrea,ERI,1993,"Vulnerable employment, total (% of total employment) (modeled ILO estimate)",SL.EMP.VULN.ZS,76.4131273246622
Eritrea,ERI,1992,"Vulnerable employment, total (% of total employment) (modeled ILO estimate)",SL.EMP.VULN.ZS,76.4288501791606
Eritrea,ERI,1991,"Vulnerable employment, total (% of total employment) (modeled ILO estimate)",SL.EMP.VULN.ZS,76.4614763839643
Eritrea,ERI,2023,"Wage and salaried workers, female (% of female employment) (modeled ILO estimate)",SL.EMP.WORK.FE.ZS,14.97107488167
Eritrea,ERI,2022,"Wage and salaried workers, female (% of female employment) (modeled ILO estimate)",SL.EMP.WORK.FE.ZS,14.9009612987229
Eritrea,ERI,2021,"Wage and salaried workers, female (% of female employment) (modeled ILO estimate)",SL.EMP.WORK.FE.ZS,14.6828703437654
Eritrea,ERI,2020,"Wage and salaried workers, female (% of female employment) (modeled ILO estimate)",SL.EMP.WORK.FE.ZS,14.3956061913838
Eritrea,ERI,2019,"Wage and salaried workers, female (% of female employment) (modeled ILO estimate)",SL.EMP.WORK.FE.ZS,14.5360599839222
Eritrea,ERI,2018,"Wage and salaried workers, female (% of female employment) (modeled ILO estimate)",SL.EMP.WORK.FE.ZS,14.3780687272966
Eritrea,ERI,2017,"Wage and salaried workers, female (% of female employment) (modeled ILO estimate)",SL.EMP.WORK.FE.ZS,14.3642113626348
Eritrea,ERI,2016,"Wage and salaried workers, female (% of female employment) (modeled ILO estimate)",SL.EMP.WORK.FE.ZS,14.3499403902868
Eritrea,ERI,2015,"Wage and salaried workers, female (% of female employment) (modeled ILO estimate)",SL.EMP.WORK.FE.ZS,14.2803337126
Eritrea,ERI,2014,"Wage and salaried workers, female (% of female employment) (modeled ILO estimate)",SL.EMP.WORK.FE.ZS,14.0832326677562
Eritrea,ERI,2013,"Wage and salaried workers, female (% of female employment) (modeled ILO estimate)",SL.EMP.WORK.FE.ZS,13.7870833049746
Eritrea,ERI,2012,"Wage and salaried workers, female (% of female employment) (modeled ILO estimate)",SL.EMP.WORK.FE.ZS,13.6897991360517
Eritrea,ERI,2011,"Wage and salaried workers, female (% of female employment) (modeled ILO estimate)",SL.EMP.WORK.FE.ZS,13.5474684527245
Eritrea,ERI,2010,"Wage and salaried workers, female (% of female employment) (modeled ILO estimate)",SL.EMP.WORK.FE.ZS,13.5602357256943
Eritrea,ERI,2009,"Wage and salaried workers, female (% of female employment) (modeled ILO estimate)",SL.EMP.WORK.FE.ZS,13.5661810378423
Eritrea,ERI,2008,"Wage and salaried workers, female (% of female employment) (modeled ILO estimate)",SL.EMP.WORK.FE.ZS,13.9523292357253
Eritrea,ERI,2007,"Wage and salaried workers, female (% of female employment) (modeled ILO estimate)",SL.EMP.WORK.FE.ZS,14.1778356934783
Eritrea,ERI,2006,"Wage and salaried workers, female (% of female employment) (modeled ILO estimate)",SL.EMP.WORK.FE.ZS,14.3288312768309
Eritrea,ERI,2005,"Wage and salaried workers, female (% of female employment) (modeled ILO estimate)",SL.EMP.WORK.FE.ZS,14.5425786577927
Eritrea,ERI,2004,"Wage and salaried workers, female (% of female employment) (modeled ILO estimate)",SL.EMP.WORK.FE.ZS,14.4123582003824
Eritrea,ERI,2003,"Wage and salaried workers, female (% of female employment) (modeled ILO estimate)",SL.EMP.WORK.FE.ZS,14.661160875166
Eritrea,ERI,2002,"Wage and salaried workers, female (% of female employment) (modeled ILO estimate)",SL.EMP.WORK.FE.ZS,14.8060275594767
Eritrea,ERI,2001,"Wage and salaried workers, female (% of female employment) (modeled ILO estimate)",SL.EMP.WORK.FE.ZS,14.8769119674391
Eritrea,ERI,2000,"Wage and salaried workers, female (% of female employment) (modeled ILO estimate)",SL.EMP.WORK.FE.ZS,14.7784516396471
Eritrea,ERI,1999,"Wage and salaried workers, female (% of female employment) (modeled ILO estimate)",SL.EMP.WORK.FE.ZS,14.8315930559393
Eritrea,ERI,1998,"Wage and salaried workers, female (% of female employment) (modeled ILO estimate)",SL.EMP.WORK.FE.ZS,14.5059177199115
Eritrea,ERI,1997,"Wage and salaried workers, female (% of female employment) (modeled ILO estimate)",SL.EMP.WORK.FE.ZS,14.1188549704817
Eritrea,ERI,1996,"Wage and salaried workers, female (% of female employment) (modeled ILO estimate)",SL.EMP.WORK.FE.ZS,13.6747282964816
Eritrea,ERI,1995,"Wage and salaried workers, female (% of female employment) (modeled ILO estimate)",SL.EMP.WORK.FE.ZS,13.3499253602312
Eritrea,ERI,1994,"Wage and salaried workers, female (% of female employment) (modeled ILO estimate)",SL.EMP.WORK.FE.ZS,12.99024357034
Eritrea,ERI,1993,"Wage and salaried workers, female (% of female employment) (modeled ILO estimate)",SL.EMP.WORK.FE.ZS,12.7257733292369
Eritrea,ERI,1992,"Wage and salaried workers, female (% of female employment) (modeled ILO estimate)",SL.EMP.WORK.FE.ZS,12.6376560101448
Eritrea,ERI,1991,"Wage and salaried workers, female (% of female employment) (modeled ILO estimate)",SL.EMP.WORK.FE.ZS,12.4654170566836
Eritrea,ERI,2023,"Wage and salaried workers, male (% of male employment) (modeled ILO estimate)",SL.EMP.WORK.MA.ZS,31.4972791978306
Eritrea,ERI,2022,"Wage and salaried workers, male (% of male employment) (modeled ILO estimate)",SL.EMP.WORK.MA.ZS,31.2631735746472
Eritrea,ERI,2021,"Wage and salaried workers, male (% of male employment) (modeled ILO estimate)",SL.EMP.WORK.MA.ZS,31.0589462432107
Eritrea,ERI,2020,"Wage and salaried workers, male (% of male employment) (modeled ILO estimate)",SL.EMP.WORK.MA.ZS,30.5857045076758
Eritrea,ERI,2019,"Wage and salaried workers, male (% of male employment) (modeled ILO estimate)",SL.EMP.WORK.MA.ZS,30.9171180339507
Eritrea,ERI,2018,"Wage and salaried workers, male (% of male employment) (modeled ILO estimate)",SL.EMP.WORK.MA.ZS,30.6603656911056
Eritrea,ERI,2017,"Wage and salaried workers, male (% of male employment) (modeled ILO estimate)",SL.EMP.WORK.MA.ZS,30.4038269771204
Eritrea,ERI,2016,"Wage and salaried workers, male (% of male employment) (modeled ILO estimate)",SL.EMP.WORK.MA.ZS,30.7140683467833
Eritrea,ERI,2015,"Wage and salaried workers, male (% of male employment) (modeled ILO estimate)",SL.EMP.WORK.MA.ZS,30.5688367295249
Eritrea,ERI,2014,"Wage and salaried workers, male (% of male employment) (modeled ILO estimate)",SL.EMP.WORK.MA.ZS,30.8981011299989
Eritrea,ERI,2013,"Wage and salaried workers, male (% of male employment) (modeled ILO estimate)",SL.EMP.WORK.MA.ZS,30.2262659713391
Eritrea,ERI,2012,"Wage and salaried workers, male (% of male employment) (modeled ILO estimate)",SL.EMP.WORK.MA.ZS,30.5203137372768
Eritrea,ERI,2011,"Wage and salaried workers, male (% of male employment) (modeled ILO estimate)",SL.EMP.WORK.MA.ZS,30.4241906907435
Eritrea,ERI,2010,"Wage and salaried workers, male (% of male employment) (modeled ILO estimate)",SL.EMP.WORK.MA.ZS,30.2857262508002
Eritrea,ERI,2009,"Wage and salaried workers, male (% of male employment) (modeled ILO estimate)",SL.EMP.WORK.MA.ZS,30.2497248095804
Eritrea,ERI,2008,"Wage and salaried workers, male (% of male employment) (modeled ILO estimate)",SL.EMP.WORK.MA.ZS,30.5820177221109
Eritrea,ERI,2007,"Wage and salaried workers, male (% of male employment) (modeled ILO estimate)",SL.EMP.WORK.MA.ZS,30.979291081653
Eritrea,ERI,2006,"Wage and salaried workers, male (% of male employment) (modeled ILO estimate)",SL.EMP.WORK.MA.ZS,30.826831998057
Eritrea,ERI,2005,"Wage and salaried workers, male (% of male employment) (modeled ILO estimate)",SL.EMP.WORK.MA.ZS,30.7519994137496
Eritrea,ERI,2004,"Wage and salaried workers, male (% of male employment) (modeled ILO estimate)",SL.EMP.WORK.MA.ZS,30.103323857424
Eritrea,ERI,2003,"Wage and salaried workers, male (% of male employment) (modeled ILO estimate)",SL.EMP.WORK.MA.ZS,30.0451291599794
Eritrea,ERI,2002,"Wage and salaried workers, male (% of male employment) (modeled ILO estimate)",SL.EMP.WORK.MA.ZS,30.1331929175916
Eritrea,ERI,2001,"Wage and salaried workers, male (% of male employment) (modeled ILO estimate)",SL.EMP.WORK.MA.ZS,30.0090799628906
Eritrea,ERI,2000,"Wage and salaried workers, male (% of male employment) (modeled ILO estimate)",SL.EMP.WORK.MA.ZS,29.6316523071656
Eritrea,ERI,1999,"Wage and salaried workers, male (% of male employment) (modeled ILO estimate)",SL.EMP.WORK.MA.ZS,30.0790869094133
Eritrea,ERI,1998,"Wage and salaried workers, male (% of male employment) (modeled ILO estimate)",SL.EMP.WORK.MA.ZS,30.1337364666542
Eritrea,ERI,1997,"Wage and salaried workers, male (% of male employment) (modeled ILO estimate)",SL.EMP.WORK.MA.ZS,30.1503100066695
Eritrea,ERI,1996,"Wage and salaried workers, male (% of male employment) (modeled ILO estimate)",SL.EMP.WORK.MA.ZS,29.8556035548814
Eritrea,ERI,1995,"Wage and salaried workers, male (% of male employment) (modeled ILO estimate)",SL.EMP.WORK.MA.ZS,29.8028476351536
Eritrea,ERI,1994,"Wage and salaried workers, male (% of male employment) (modeled ILO estimate)",SL.EMP.WORK.MA.ZS,29.845890250639
Eritrea,ERI,1993,"Wage and salaried workers, male (% of male employment) (modeled ILO estimate)",SL.EMP.WORK.MA.ZS,29.6058281468616
Eritrea,ERI,1992,"Wage and salaried workers, male (% of male employment) (modeled ILO estimate)",SL.EMP.WORK.MA.ZS,29.6906759395799
Eritrea,ERI,1991,"Wage and salaried workers, male (% of male employment) (modeled ILO estimate)",SL.EMP.WORK.MA.ZS,29.8366264050827
Eritrea,ERI,2023,"Wage and salaried workers, total (% of total employment) (modeled ILO estimate)",SL.EMP.WORK.ZS,23.6958446669183
Eritrea,ERI,2022,"Wage and salaried workers, total (% of total employment) (modeled ILO estimate)",SL.EMP.WORK.ZS,23.5300779690088
Eritrea,ERI,2021,"Wage and salaried workers, total (% of total employment) (modeled ILO estimate)",SL.EMP.WORK.ZS,23.298295112192
Eritrea,ERI,2020,"Wage and salaried workers, total (% of total employment) (modeled ILO estimate)",SL.EMP.WORK.ZS,22.9094174825667
Eritrea,ERI,2019,"Wage and salaried workers, total (% of total employment) (modeled ILO estimate)",SL.EMP.WORK.ZS,23.1428137835569
Eritrea,ERI,2018,"Wage and salaried workers, total (% of total employment) (modeled ILO estimate)",SL.EMP.WORK.ZS,22.9410196056893
Eritrea,ERI,2017,"Wage and salaried workers, total (% of total employment) (modeled ILO estimate)",SL.EMP.WORK.ZS,22.8116784911304
Eritrea,ERI,2016,"Wage and salaried workers, total (% of total employment) (modeled ILO estimate)",SL.EMP.WORK.ZS,22.9711594986016
Eritrea,ERI,2015,"Wage and salaried workers, total (% of total employment) (modeled ILO estimate)",SL.EMP.WORK.ZS,22.8627707393156
Eritrea,ERI,2014,"Wage and salaried workers, total (% of total employment) (modeled ILO estimate)",SL.EMP.WORK.ZS,22.9330383255767
Eritrea,ERI,2013,"Wage and salaried workers, total (% of total employment) (modeled ILO estimate)",SL.EMP.WORK.ZS,22.445074601147
Eritrea,ERI,2012,"Wage and salaried workers, total (% of total employment) (modeled ILO estimate)",SL.EMP.WORK.ZS,22.5565770001401
Eritrea,ERI,2011,"Wage and salaried workers, total (% of total employment) (modeled ILO estimate)",SL.EMP.WORK.ZS,22.4432477062518
Eritrea,ERI,2010,"Wage and salaried workers, total (% of total employment) (modeled ILO estimate)",SL.EMP.WORK.ZS,22.3810383953721
Eritrea,ERI,2009,"Wage and salaried workers, total (% of total employment) (modeled ILO estimate)",SL.EMP.WORK.ZS,22.3601829676555
Eritrea,ERI,2008,"Wage and salaried workers, total (% of total employment) (modeled ILO estimate)",SL.EMP.WORK.ZS,22.7175207595858
Eritrea,ERI,2007,"Wage and salaried workers, total (% of total employment) (modeled ILO estimate)",SL.EMP.WORK.ZS,23.0315619439863
Eritrea,ERI,2006,"Wage and salaried workers, total (% of total employment) (modeled ILO estimate)",SL.EMP.WORK.ZS,23.0127044564068
Eritrea,ERI,2005,"Wage and salaried workers, total (% of total employment) (modeled ILO estimate)",SL.EMP.WORK.ZS,23.0632050322394
Eritrea,ERI,2004,"Wage and salaried workers, total (% of total employment) (modeled ILO estimate)",SL.EMP.WORK.ZS,22.652566680214
Eritrea,ERI,2003,"Wage and salaried workers, total (% of total employment) (modeled ILO estimate)",SL.EMP.WORK.ZS,22.7465423336249
Eritrea,ERI,2002,"Wage and salaried workers, total (% of total employment) (modeled ILO estimate)",SL.EMP.WORK.ZS,22.8639710824658
Eritrea,ERI,2001,"Wage and salaried workers, total (% of total employment) (modeled ILO estimate)",SL.EMP.WORK.ZS,22.8326068908261
Eritrea,ERI,2000,"Wage and salaried workers, total (% of total employment) (modeled ILO estimate)",SL.EMP.WORK.ZS,22.5774870319963
Eritrea,ERI,1999,"Wage and salaried workers, total (% of total employment) (modeled ILO estimate)",SL.EMP.WORK.ZS,22.8620248403706
Eritrea,ERI,1998,"Wage and salaried workers, total (% of total employment) (modeled ILO estimate)",SL.EMP.WORK.ZS,22.7763411195499
Eritrea,ERI,1997,"Wage and salaried workers, total (% of total employment) (modeled ILO estimate)",SL.EMP.WORK.ZS,22.600325187669
Eritrea,ERI,1996,"Wage and salaried workers, total (% of total employment) (modeled ILO estimate)",SL.EMP.WORK.ZS,22.2070311650937
Eritrea,ERI,1995,"Wage and salaried workers, total (% of total employment) (modeled ILO estimate)",SL.EMP.WORK.ZS,22.0272662196719
Eritrea,ERI,1994,"Wage and salaried workers, total (% of total employment) (modeled ILO estimate)",SL.EMP.WORK.ZS,21.8902053937011
Eritrea,ERI,1993,"Wage and salaried workers, total (% of total employment) (modeled ILO estimate)",SL.EMP.WORK.ZS,21.6329471307208
Eritrea,ERI,1992,"Wage and salaried workers, total (% of total employment) (modeled ILO estimate)",SL.EMP.WORK.ZS,21.6331668525943
Eritrea,ERI,1991,"Wage and salaried workers, total (% of total employment) (modeled ILO estimate)",SL.EMP.WORK.ZS,21.6198548611222
Eritrea,ERI,2023,"Contributing family workers, female (% of female employment) (modeled ILO estimate)",SL.FAM.WORK.FE.ZS,23.1618053589007
Eritrea,ERI,2022,"Contributing family workers, female (% of female employment) (modeled ILO estimate)",SL.FAM.WORK.FE.ZS,23.5407374574064
Eritrea,ERI,2021,"Contributing family workers, female (% of female employment) (modeled ILO estimate)",SL.FAM.WORK.FE.ZS,24.2368430126312
Eritrea,ERI,2020,"Contributing family workers, female (% of female employment) (modeled ILO estimate)",SL.FAM.WORK.FE.ZS,25.4786229682572
Eritrea,ERI,2019,"Contributing family workers, female (% of female employment) (modeled ILO estimate)",SL.FAM.WORK.FE.ZS,25.8753881233508
Eritrea,ERI,2018,"Contributing family workers, female (% of female employment) (modeled ILO estimate)",SL.FAM.WORK.FE.ZS,26.4078608198313
Eritrea,ERI,2017,"Contributing family workers, female (% of female employment) (modeled ILO estimate)",SL.FAM.WORK.FE.ZS,26.3745523161626
Eritrea,ERI,2016,"Contributing family workers, female (% of female employment) (modeled ILO estimate)",SL.FAM.WORK.FE.ZS,27.7705967246031
Eritrea,ERI,2015,"Contributing family workers, female (% of female employment) (modeled ILO estimate)",SL.FAM.WORK.FE.ZS,27.9785299373737
Eritrea,ERI,2014,"Contributing family workers, female (% of female employment) (modeled ILO estimate)",SL.FAM.WORK.FE.ZS,29.7017930315735
Eritrea,ERI,2013,"Contributing family workers, female (% of female employment) (modeled ILO estimate)",SL.FAM.WORK.FE.ZS,29.2232983584657
Eritrea,ERI,2012,"Contributing family workers, female (% of female employment) (modeled ILO estimate)",SL.FAM.WORK.FE.ZS,30.6539139108541
Eritrea,ERI,2011,"Contributing family workers, female (% of female employment) (modeled ILO estimate)",SL.FAM.WORK.FE.ZS,31.3409656024757
Eritrea,ERI,2010,"Contributing family workers, female (% of female employment) (modeled ILO estimate)",SL.FAM.WORK.FE.ZS,31.5297302439537
Eritrea,ERI,2009,"Contributing family workers, female (% of female employment) (modeled ILO estimate)",SL.FAM.WORK.FE.ZS,31.8450775412126
Eritrea,ERI,2008,"Contributing family workers, female (% of female employment) (modeled ILO estimate)",SL.FAM.WORK.FE.ZS,32.6005557916533
Eritrea,ERI,2007,"Contributing family workers, female (% of female employment) (modeled ILO estimate)",SL.FAM.WORK.FE.ZS,33.8140857882331
Eritrea,ERI,2006,"Contributing family workers, female (% of female employment) (modeled ILO estimate)",SL.FAM.WORK.FE.ZS,34.2669355985863
Eritrea,ERI,2005,"Contributing family workers, female (% of female employment) (modeled ILO estimate)",SL.FAM.WORK.FE.ZS,34.9835458621027
Eritrea,ERI,2004,"Contributing family workers, female (% of female employment) (modeled ILO estimate)",SL.FAM.WORK.FE.ZS,35.0671115578497
Eritrea,ERI,2003,"Contributing family workers, female (% of female employment) (modeled ILO estimate)",SL.FAM.WORK.FE.ZS,35.7775569974854
Eritrea,ERI,2002,"Contributing family workers, female (% of female employment) (modeled ILO estimate)",SL.FAM.WORK.FE.ZS,36.9596392030722
Eritrea,ERI,2001,"Contributing family workers, female (% of female employment) (modeled ILO estimate)",SL.FAM.WORK.FE.ZS,37.6097945250443
Eritrea,ERI,2000,"Contributing family workers, female (% of female employment) (modeled ILO estimate)",SL.FAM.WORK.FE.ZS,37.7686561111662
Eritrea,ERI,1999,"Contributing family workers, female (% of female employment) (modeled ILO estimate)",SL.FAM.WORK.FE.ZS,39.0522357217718
Eritrea,ERI,1998,"Contributing family workers, female (% of female employment) (modeled ILO estimate)",SL.FAM.WORK.FE.ZS,39.971739020009
Eritrea,ERI,1997,"Contributing family workers, female (% of female employment) (modeled ILO estimate)",SL.FAM.WORK.FE.ZS,40.7318421156083
Eritrea,ERI,1996,"Contributing family workers, female (% of female employment) (modeled ILO estimate)",SL.FAM.WORK.FE.ZS,40.8517477083099
Eritrea,ERI,1995,"Contributing family workers, female (% of female employment) (modeled ILO estimate)",SL.FAM.WORK.FE.ZS,41.2571626172867
Eritrea,ERI,1994,"Contributing family workers, female (% of female employment) (modeled ILO estimate)",SL.FAM.WORK.FE.ZS,41.981188891391
Eritrea,ERI,1993,"Contributing family workers, female (% of female employment) (modeled ILO estimate)",SL.FAM.WORK.FE.ZS,42.0179594564731
Eritrea,ERI,1992,"Contributing family workers, female (% of female employment) (modeled ILO estimate)",SL.FAM.WORK.FE.ZS,42.1833633673719
Eritrea,ERI,1991,"Contributing family workers, female (% of female employment) (modeled ILO estimate)",SL.FAM.WORK.FE.ZS,42.6580443750697
Eritrea,ERI,2023,"Contributing family workers, male (% of male employment) (modeled ILO estimate)",SL.FAM.WORK.MA.ZS,12.168912800491
Eritrea,ERI,2022,"Contributing family workers, male (% of male employment) (modeled ILO estimate)",SL.FAM.WORK.MA.ZS,12.3610024950657
Eritrea,ERI,2021,"Contributing family workers, male (% of male employment) (modeled ILO estimate)",SL.FAM.WORK.MA.ZS,12.5790550535057
Eritrea,ERI,2020,"Contributing family workers, male (% of male employment) (modeled ILO estimate)",SL.FAM.WORK.MA.ZS,13.08047057815
Eritrea,ERI,2019,"Contributing family workers, male (% of male employment) (modeled ILO estimate)",SL.FAM.WORK.MA.ZS,12.8154115889253
Eritrea,ERI,2018,"Contributing family workers, male (% of male employment) (modeled ILO estimate)",SL.FAM.WORK.MA.ZS,13.1945341464688
Eritrea,ERI,2017,"Contributing family workers, male (% of male employment) (modeled ILO estimate)",SL.FAM.WORK.MA.ZS,14.0366658995976
Eritrea,ERI,2016,"Contributing family workers, male (% of male employment) (modeled ILO estimate)",SL.FAM.WORK.MA.ZS,13.3315112032821
Eritrea,ERI,2015,"Contributing family workers, male (% of male employment) (modeled ILO estimate)",SL.FAM.WORK.MA.ZS,13.9180414391494
Eritrea,ERI,2014,"Contributing family workers, male (% of male employment) (modeled ILO estimate)",SL.FAM.WORK.MA.ZS,12.9953427161189
Eritrea,ERI,2013,"Contributing family workers, male (% of male employment) (modeled ILO estimate)",SL.FAM.WORK.MA.ZS,14.6095610388945
Eritrea,ERI,2012,"Contributing family workers, male (% of male employment) (modeled ILO estimate)",SL.FAM.WORK.MA.ZS,13.8579338885967
Eritrea,ERI,2011,"Contributing family workers, male (% of male employment) (modeled ILO estimate)",SL.FAM.WORK.MA.ZS,14.1667253335211
Eritrea,ERI,2010,"Contributing family workers, male (% of male employment) (modeled ILO estimate)",SL.FAM.WORK.MA.ZS,14.8202544973767
Eritrea,ERI,2009,"Contributing family workers, male (% of male employment) (modeled ILO estimate)",SL.FAM.WORK.MA.ZS,14.7176874539123
Eritrea,ERI,2008,"Contributing family workers, male (% of male employment) (modeled ILO estimate)",SL.FAM.WORK.MA.ZS,14.9873760950786
Eritrea,ERI,2007,"Contributing family workers, male (% of male employment) (modeled ILO estimate)",SL.FAM.WORK.MA.ZS,14.1391590059978
Eritrea,ERI,2006,"Contributing family workers, male (% of male employment) (modeled ILO estimate)",SL.FAM.WORK.MA.ZS,14.3369622654514
Eritrea,ERI,2005,"Contributing family workers, male (% of male employment) (modeled ILO estimate)",SL.FAM.WORK.MA.ZS,14.395112803243
Eritrea,ERI,2004,"Contributing family workers, male (% of male employment) (modeled ILO estimate)",SL.FAM.WORK.MA.ZS,14.4185299584518
Eritrea,ERI,2003,"Contributing family workers, male (% of male employment) (modeled ILO estimate)",SL.FAM.WORK.MA.ZS,14.4330638044727
Eritrea,ERI,2002,"Contributing family workers, male (% of male employment) (modeled ILO estimate)",SL.FAM.WORK.MA.ZS,14.2528922864784
Eritrea,ERI,2001,"Contributing family workers, male (% of male employment) (modeled ILO estimate)",SL.FAM.WORK.MA.ZS,14.5178737095596
Eritrea,ERI,2000,"Contributing family workers, male (% of male employment) (modeled ILO estimate)",SL.FAM.WORK.MA.ZS,15.091740501944
Eritrea,ERI,1999,"Contributing family workers, male (% of male employment) (modeled ILO estimate)",SL.FAM.WORK.MA.ZS,15.0439554125488
Eritrea,ERI,1998,"Contributing family workers, male (% of male employment) (modeled ILO estimate)",SL.FAM.WORK.MA.ZS,15.1863088036841
Eritrea,ERI,1997,"Contributing family workers, male (% of male employment) (modeled ILO estimate)",SL.FAM.WORK.MA.ZS,15.4134657345882
Eritrea,ERI,1996,"Contributing family workers, male (% of male employment) (modeled ILO estimate)",SL.FAM.WORK.MA.ZS,15.7545878744909
Eritrea,ERI,1995,"Contributing family workers, male (% of male employment) (modeled ILO estimate)",SL.FAM.WORK.MA.ZS,15.997163275326
Eritrea,ERI,1994,"Contributing family workers, male (% of male employment) (modeled ILO estimate)",SL.FAM.WORK.MA.ZS,15.9928656361474
Eritrea,ERI,1993,"Contributing family workers, male (% of male employment) (modeled ILO estimate)",SL.FAM.WORK.MA.ZS,16.5610073816761
Eritrea,ERI,1992,"Contributing family workers, male (% of male employment) (modeled ILO estimate)",SL.FAM.WORK.MA.ZS,16.8546490773584
Eritrea,ERI,1991,"Contributing family workers, male (% of male employment) (modeled ILO estimate)",SL.FAM.WORK.MA.ZS,16.6885429030231
Eritrea,ERI,2023,"Contributing family workers, total (% of total employment) (modeled ILO estimate)",SL.FAM.WORK.ZS,17.3582248884572
Eritrea,ERI,2022,"Contributing family workers, total (% of total employment) (modeled ILO estimate)",SL.FAM.WORK.ZS,17.6448253062133
Eritrea,ERI,2021,"Contributing family workers, total (% of total employment) (modeled ILO estimate)",SL.FAM.WORK.ZS,18.1037693264532
Eritrea,ERI,2020,"Contributing family workers, total (% of total employment) (modeled ILO estimate)",SL.FAM.WORK.ZS,18.958794111432
Eritrea,ERI,2019,"Contributing family workers, total (% of total employment) (modeled ILO estimate)",SL.FAM.WORK.ZS,19.0135901014364
Eritrea,ERI,2018,"Contributing family workers, total (% of total employment) (modeled ILO estimate)",SL.FAM.WORK.ZS,19.4588399045768
Eritrea,ERI,2017,"Contributing family workers, total (% of total employment) (modeled ILO estimate)",SL.FAM.WORK.ZS,19.8767043497231
Eritrea,ERI,2016,"Contributing family workers, total (% of total employment) (modeled ILO estimate)",SL.FAM.WORK.ZS,20.1635601422727
Eritrea,ERI,2015,"Contributing family workers, total (% of total employment) (modeled ILO estimate)",SL.FAM.WORK.ZS,20.5701117066446
Eritrea,ERI,2014,"Contributing family workers, total (% of total employment) (modeled ILO estimate)",SL.FAM.WORK.ZS,20.909048749583
Eritrea,ERI,2013,"Contributing family workers, total (% of total employment) (modeled ILO estimate)",SL.FAM.WORK.ZS,21.5267106943919
Eritrea,ERI,2012,"Contributing family workers, total (% of total employment) (modeled ILO estimate)",SL.FAM.WORK.ZS,21.8053635483341
Eritrea,ERI,2011,"Contributing family workers, total (% of total employment) (modeled ILO estimate)",SL.FAM.WORK.ZS,22.2883211340254
Eritrea,ERI,2010,"Contributing family workers, total (% of total employment) (modeled ILO estimate)",SL.FAM.WORK.ZS,22.7173735568311
Eritrea,ERI,2009,"Contributing family workers, total (% of total employment) (modeled ILO estimate)",SL.FAM.WORK.ZS,22.8170387824475
Eritrea,ERI,2008,"Contributing family workers, total (% of total employment) (modeled ILO estimate)",SL.FAM.WORK.ZS,23.3169848149006
Eritrea,ERI,2007,"Contributing family workers, total (% of total employment) (modeled ILO estimate)",SL.FAM.WORK.ZS,23.4461496955478
Eritrea,ERI,2006,"Contributing family workers, total (% of total employment) (modeled ILO estimate)",SL.FAM.WORK.ZS,23.7768030515572
Eritrea,ERI,2005,"Contributing family workers, total (% of total employment) (modeled ILO estimate)",SL.FAM.WORK.ZS,24.1610526730489
Eritrea,ERI,2004,"Contributing family workers, total (% of total employment) (modeled ILO estimate)",SL.FAM.WORK.ZS,24.223428622183
Eritrea,ERI,2003,"Contributing family workers, total (% of total employment) (modeled ILO estimate)",SL.FAM.WORK.ZS,24.5594911312581
Eritrea,ERI,2002,"Contributing family workers, total (% of total employment) (modeled ILO estimate)",SL.FAM.WORK.ZS,25.0220316957684
Eritrea,ERI,2001,"Contributing family workers, total (% of total employment) (modeled ILO estimate)",SL.FAM.WORK.ZS,25.4691780821918
Eritrea,ERI,2000,"Contributing family workers, total (% of total employment) (modeled ILO estimate)",SL.FAM.WORK.ZS,25.8617516648691
Eritrea,ERI,1999,"Contributing family workers, total (% of total employment) (modeled ILO estimate)",SL.FAM.WORK.ZS,26.4078083322886
Eritrea,ERI,1998,"Contributing family workers, total (% of total employment) (modeled ILO estimate)",SL.FAM.WORK.ZS,26.8551098472867
Eritrea,ERI,1997,"Contributing family workers, total (% of total employment) (modeled ILO estimate)",SL.FAM.WORK.ZS,27.3372183059095
Eritrea,ERI,1996,"Contributing family workers, total (% of total employment) (modeled ILO estimate)",SL.FAM.WORK.ZS,27.617885259941
Eritrea,ERI,1995,"Contributing family workers, total (% of total employment) (modeled ILO estimate)",SL.FAM.WORK.ZS,27.9348704244609
Eritrea,ERI,1994,"Contributing family workers, total (% of total employment) (modeled ILO estimate)",SL.FAM.WORK.ZS,28.2591527432585
Eritrea,ERI,1993,"Contributing family workers, total (% of total employment) (modeled ILO estimate)",SL.FAM.WORK.ZS,28.584976030998
Eritrea,ERI,1992,"Contributing family workers, total (% of total employment) (modeled ILO estimate)",SL.FAM.WORK.ZS,28.8221914751875
Eritrea,ERI,1991,"Contributing family workers, total (% of total employment) (modeled ILO estimate)",SL.FAM.WORK.ZS,28.972217077918
Eritrea,ERI,2023,"Employment in industry, female (% of female employment) (modeled ILO estimate)",SL.IND.EMPL.FE.ZS,5.70815971519883
Eritrea,ERI,2022,"Employment in industry, female (% of female employment) (modeled ILO estimate)",SL.IND.EMPL.FE.ZS,5.64769925478572
Eritrea,ERI,2021,"Employment in industry, female (% of female employment) (modeled ILO estimate)",SL.IND.EMPL.FE.ZS,5.65629776914501
Eritrea,ERI,2020,"Employment in industry, female (% of female employment) (modeled ILO estimate)",SL.IND.EMPL.FE.ZS,5.71480355177091
Eritrea,ERI,2019,"Employment in industry, female (% of female employment) (modeled ILO estimate)",SL.IND.EMPL.FE.ZS,5.68654874291367
Eritrea,ERI,2018,"Employment in industry, female (% of female employment) (modeled ILO estimate)",SL.IND.EMPL.FE.ZS,5.59104773838323
Eritrea,ERI,2017,"Employment in industry, female (% of female employment) (modeled ILO estimate)",SL.IND.EMPL.FE.ZS,5.51683042946613
Eritrea,ERI,2016,"Employment in industry, female (% of female employment) (modeled ILO estimate)",SL.IND.EMPL.FE.ZS,5.39483591642091
Eritrea,ERI,2015,"Employment in industry, female (% of female employment) (modeled ILO estimate)",SL.IND.EMPL.FE.ZS,5.3019582134336
Eritrea,ERI,2014,"Employment in industry, female (% of female employment) (modeled ILO estimate)",SL.IND.EMPL.FE.ZS,5.21171352550589
Eritrea,ERI,2013,"Employment in industry, female (% of female employment) (modeled ILO estimate)",SL.IND.EMPL.FE.ZS,5.13574986506528
Eritrea,ERI,2012,"Employment in industry, female (% of female employment) (modeled ILO estimate)",SL.IND.EMPL.FE.ZS,5.02232268547939
Eritrea,ERI,2011,"Employment in industry, female (% of female employment) (modeled ILO estimate)",SL.IND.EMPL.FE.ZS,4.93541779398759
Eritrea,ERI,2010,"Employment in industry, female (% of female employment) (modeled ILO estimate)",SL.IND.EMPL.FE.ZS,4.83851855313425
Eritrea,ERI,2009,"Employment in industry, female (% of female employment) (modeled ILO estimate)",SL.IND.EMPL.FE.ZS,4.76955462941376
Eritrea,ERI,2008,"Employment in industry, female (% of female employment) (modeled ILO estimate)",SL.IND.EMPL.FE.ZS,4.66774047432918
Eritrea,ERI,2007,"Employment in industry, female (% of female employment) (modeled ILO estimate)",SL.IND.EMPL.FE.ZS,4.51429623399547
Eritrea,ERI,2006,"Employment in industry, female (% of female employment) (modeled ILO estimate)",SL.IND.EMPL.FE.ZS,4.37208895178556
Eritrea,ERI,2005,"Employment in industry, female (% of female employment) (modeled ILO estimate)",SL.IND.EMPL.FE.ZS,4.2022188631049
Eritrea,ERI,2004,"Employment in industry, female (% of female employment) (modeled ILO estimate)",SL.IND.EMPL.FE.ZS,4.08828797509012
Eritrea,ERI,2003,"Employment in industry, female (% of female employment) (modeled ILO estimate)",SL.IND.EMPL.FE.ZS,3.94398109341993
Eritrea,ERI,2002,"Employment in industry, female (% of female employment) (modeled ILO estimate)",SL.IND.EMPL.FE.ZS,3.8485845481325
Eritrea,ERI,2001,"Employment in industry, female (% of female employment) (modeled ILO estimate)",SL.IND.EMPL.FE.ZS,3.73903148865402
Eritrea,ERI,2000,"Employment in industry, female (% of female employment) (modeled ILO estimate)",SL.IND.EMPL.FE.ZS,3.61947931404266
Eritrea,ERI,1999,"Employment in industry, female (% of female employment) (modeled ILO estimate)",SL.IND.EMPL.FE.ZS,3.48116367588599
Eritrea,ERI,1998,"Employment in industry, female (% of female employment) (modeled ILO estimate)",SL.IND.EMPL.FE.ZS,3.4164846481
Eritrea,ERI,1997,"Employment in industry, female (% of female employment) (modeled ILO estimate)",SL.IND.EMPL.FE.ZS,3.381948603631
Eritrea,ERI,1996,"Employment in industry, female (% of female employment) (modeled ILO estimate)",SL.IND.EMPL.FE.ZS,3.34068298918704
Eritrea,ERI,1995,"Employment in industry, female (% of female employment) (modeled ILO estimate)",SL.IND.EMPL.FE.ZS,3.30143995090578
Eritrea,ERI,1994,"Employment in industry, female (% of female employment) (modeled ILO estimate)",SL.IND.EMPL.FE.ZS,3.29377693753895
Eritrea,ERI,1993,"Employment in industry, female (% of female employment) (modeled ILO estimate)",SL.IND.EMPL.FE.ZS,3.27388171121496
Eritrea,ERI,1992,"Employment in industry, female (% of female employment) (modeled ILO estimate)",SL.IND.EMPL.FE.ZS,3.26342076575675
Eritrea,ERI,1991,"Employment in industry, female (% of female employment) (modeled ILO estimate)",SL.IND.EMPL.FE.ZS,3.21987621445444
Eritrea,ERI,2023,"Employment in industry, male (% of male employment) (modeled ILO estimate)",SL.IND.EMPL.MA.ZS,12.0584649925062
Eritrea,ERI,2022,"Employment in industry, male (% of male employment) (modeled ILO estimate)",SL.IND.EMPL.MA.ZS,12.0020109484974
Eritrea,ERI,2021,"Employment in industry, male (% of male employment) (modeled ILO estimate)",SL.IND.EMPL.MA.ZS,11.983238452171
Eritrea,ERI,2020,"Employment in industry, male (% of male employment) (modeled ILO estimate)",SL.IND.EMPL.MA.ZS,11.794725484917
Eritrea,ERI,2019,"Employment in industry, male (% of male employment) (modeled ILO estimate)",SL.IND.EMPL.MA.ZS,11.7572348113166
Eritrea,ERI,2018,"Employment in industry, male (% of male employment) (modeled ILO estimate)",SL.IND.EMPL.MA.ZS,11.6557512662872
Eritrea,ERI,2017,"Employment in industry, male (% of male employment) (modeled ILO estimate)",SL.IND.EMPL.MA.ZS,11.2208252268084
Eritrea,ERI,2016,"Employment in industry, male (% of male employment) (modeled ILO estimate)",SL.IND.EMPL.MA.ZS,11.7018788602858
Eritrea,ERI,2015,"Employment in industry, male (% of male employment) (modeled ILO estimate)",SL.IND.EMPL.MA.ZS,11.4609259922204
Eritrea,ERI,2014,"Employment in industry, male (% of male employment) (modeled ILO estimate)",SL.IND.EMPL.MA.ZS,12.2527638855135
Eritrea,ERI,2013,"Employment in industry, male (% of male employment) (modeled ILO estimate)",SL.IND.EMPL.MA.ZS,11.574330917895
Eritrea,ERI,2012,"Employment in industry, male (% of male employment) (modeled ILO estimate)",SL.IND.EMPL.MA.ZS,12.0463438740889
Eritrea,ERI,2011,"Employment in industry, male (% of male employment) (modeled ILO estimate)",SL.IND.EMPL.MA.ZS,12.0377051873233
Eritrea,ERI,2010,"Employment in industry, male (% of male employment) (modeled ILO estimate)",SL.IND.EMPL.MA.ZS,11.7156138388183
Eritrea,ERI,2009,"Employment in industry, male (% of male employment) (modeled ILO estimate)",SL.IND.EMPL.MA.ZS,11.789142306653
Eritrea,ERI,2008,"Employment in industry, male (% of male employment) (modeled ILO estimate)",SL.IND.EMPL.MA.ZS,11.6593412973514
Eritrea,ERI,2007,"Employment in industry, male (% of male employment) (modeled ILO estimate)",SL.IND.EMPL.MA.ZS,12.0739377403916
Eritrea,ERI,2006,"Employment in industry, male (% of male employment) (modeled ILO estimate)",SL.IND.EMPL.MA.ZS,12.0575290221576
Eritrea,ERI,2005,"Employment in industry, male (% of male employment) (modeled ILO estimate)",SL.IND.EMPL.MA.ZS,12.0604370896663
Eritrea,ERI,2004,"Employment in industry, male (% of male employment) (modeled ILO estimate)",SL.IND.EMPL.MA.ZS,11.9432333807129
Eritrea,ERI,2003,"Employment in industry, male (% of male employment) (modeled ILO estimate)",SL.IND.EMPL.MA.ZS,11.8123015152686
Eritrea,ERI,2002,"Employment in industry, male (% of male employment) (modeled ILO estimate)",SL.IND.EMPL.MA.ZS,11.9759979998333
Eritrea,ERI,2001,"Employment in industry, male (% of male employment) (modeled ILO estimate)",SL.IND.EMPL.MA.ZS,11.8580367541107
Eritrea,ERI,2000,"Employment in industry, male (% of male employment) (modeled ILO estimate)",SL.IND.EMPL.MA.ZS,11.4700080695777
Eritrea,ERI,1999,"Employment in industry, male (% of male employment) (modeled ILO estimate)",SL.IND.EMPL.MA.ZS,11.5636389007453
Eritrea,ERI,1998,"Employment in industry, male (% of male employment) (modeled ILO estimate)",SL.IND.EMPL.MA.ZS,11.6168535471693
Eritrea,ERI,1997,"Employment in industry, male (% of male employment) (modeled ILO estimate)",SL.IND.EMPL.MA.ZS,11.7193225139771
Eritrea,ERI,1996,"Employment in industry, male (% of male employment) (modeled ILO estimate)",SL.IND.EMPL.MA.ZS,11.5218305330673
Eritrea,ERI,1995,"Employment in industry, male (% of male employment) (modeled ILO estimate)",SL.IND.EMPL.MA.ZS,11.3137308384704
Eritrea,ERI,1994,"Employment in industry, male (% of male employment) (modeled ILO estimate)",SL.IND.EMPL.MA.ZS,11.3000552398251
Eritrea,ERI,1993,"Employment in industry, male (% of male employment) (modeled ILO estimate)",SL.IND.EMPL.MA.ZS,11.0474260626236
Eritrea,ERI,1992,"Employment in industry, male (% of male employment) (modeled ILO estimate)",SL.IND.EMPL.MA.ZS,10.9067992507274
Eritrea,ERI,1991,"Employment in industry, male (% of male employment) (modeled ILO estimate)",SL.IND.EMPL.MA.ZS,11.054713863483
Eritrea,ERI,2023,Employment in industry (% of total employment) (modeled ILO estimate),SL.IND.EMPL.ZS,9.06073570854295
Eritrea,ERI,2022,Employment in industry (% of total employment) (modeled ILO estimate),SL.IND.EMPL.ZS,8.99890673178268
Eritrea,ERI,2021,Employment in industry (% of total employment) (modeled ILO estimate),SL.IND.EMPL.ZS,8.98489015010447
Eritrea,ERI,2020,Employment in industry (% of total employment) (modeled ILO estimate),SL.IND.EMPL.ZS,8.91195322955554
Eritrea,ERI,2019,Employment in industry (% of total employment) (modeled ILO estimate),SL.IND.EMPL.ZS,8.87611477976717
Eritrea,ERI,2018,Employment in industry (% of total employment) (modeled ILO estimate),SL.IND.EMPL.ZS,8.78053610130871
Eritrea,ERI,2017,Employment in industry (% of total employment) (modeled ILO estimate),SL.IND.EMPL.ZS,8.52095901187196
Eritrea,ERI,2016,Employment in industry (% of total employment) (modeled ILO estimate),SL.IND.EMPL.ZS,8.717616041898
Eritrea,ERI,2015,Employment in industry (% of total employment) (modeled ILO estimate),SL.IND.EMPL.ZS,8.54712770851149
Eritrea,ERI,2014,Employment in industry (% of total employment) (modeled ILO estimate),SL.IND.EMPL.ZS,8.91740231608017
Eritrea,ERI,2013,Employment in industry (% of total employment) (modeled ILO estimate),SL.IND.EMPL.ZS,8.5267444081917
Eritrea,ERI,2012,Employment in industry (% of total employment) (modeled ILO estimate),SL.IND.EMPL.ZS,8.72269352805403
Eritrea,ERI,2011,Employment in industry (% of total employment) (modeled ILO estimate),SL.IND.EMPL.ZS,8.67905770009803
Eritrea,ERI,2010,Employment in industry (% of total employment) (modeled ILO estimate),SL.IND.EMPL.ZS,8.46540772356152
Eritrea,ERI,2009,Employment in industry (% of total employment) (modeled ILO estimate),SL.IND.EMPL.ZS,8.46965775648949
Eritrea,ERI,2008,Employment in industry (% of total employment) (modeled ILO estimate),SL.IND.EMPL.ZS,8.3528798756079
Eritrea,ERI,2007,Employment in industry (% of total employment) (modeled ILO estimate),SL.IND.EMPL.ZS,8.4980243903272
Eritrea,ERI,2006,Employment in industry (% of total employment) (modeled ILO estimate),SL.IND.EMPL.ZS,8.41735020350625
Eritrea,ERI,2005,Employment in industry (% of total employment) (modeled ILO estimate),SL.IND.EMPL.ZS,8.33287370812486
Eritrea,ERI,2004,Employment in industry (% of total employment) (modeled ILO estimate),SL.IND.EMPL.ZS,8.21326902390161
Eritrea,ERI,2003,Employment in industry (% of total employment) (modeled ILO estimate),SL.IND.EMPL.ZS,8.07934921627488
Eritrea,ERI,2002,Employment in industry (% of total employment) (modeled ILO estimate),SL.IND.EMPL.ZS,8.12130626795521
Eritrea,ERI,2001,Employment in industry (% of total employment) (modeled ILO estimate),SL.IND.EMPL.ZS,8.00757575757576
Eritrea,ERI,2000,Employment in industry (% of total employment) (modeled ILO estimate),SL.IND.EMPL.ZS,7.74142742197798
Eritrea,ERI,1999,Employment in industry (% of total employment) (modeled ILO estimate),SL.IND.EMPL.ZS,7.73786621822002
Eritrea,ERI,1998,Employment in industry (% of total employment) (modeled ILO estimate),SL.IND.EMPL.ZS,7.75621522263492
Eritrea,ERI,1997,Employment in industry (% of total employment) (modeled ILO estimate),SL.IND.EMPL.ZS,7.79285131648732
Eritrea,ERI,1996,Employment in industry (% of total employment) (modeled ILO estimate),SL.IND.EMPL.ZS,7.65466259188899
Eritrea,ERI,1995,Employment in industry (% of total employment) (modeled ILO estimate),SL.IND.EMPL.ZS,7.52721212916353
Eritrea,ERI,1994,Employment in industry (% of total employment) (modeled ILO estimate),SL.IND.EMPL.ZS,7.52129759284366
Eritrea,ERI,1993,Employment in industry (% of total employment) (modeled ILO estimate),SL.IND.EMPL.ZS,7.37565523333817
Eritrea,ERI,1992,Employment in industry (% of total employment) (modeled ILO estimate),SL.IND.EMPL.ZS,7.29532526814962
Eritrea,ERI,1991,Employment in industry (% of total employment) (modeled ILO estimate),SL.IND.EMPL.ZS,7.34880549256338
Eritrea,ERI,2023,"Employment in services, female (% of female employment) (modeled ILO estimate)",SL.SRV.EMPL.FE.ZS,30.3141982550535
Eritrea,ERI,2022,"Employment in services, female (% of female employment) (modeled ILO estimate)",SL.SRV.EMPL.FE.ZS,30.0101116436269
Eritrea,ERI,2021,"Employment in services, female (% of female employment) (modeled ILO estimate)",SL.SRV.EMPL.FE.ZS,29.3079867137127
Eritrea,ERI,2020,"Employment in services, female (% of female employment) (modeled ILO estimate)",SL.SRV.EMPL.FE.ZS,29.3603454909832
Eritrea,ERI,2019,"Employment in services, female (% of female employment) (modeled ILO estimate)",SL.SRV.EMPL.FE.ZS,29.4253533080512
Eritrea,ERI,2018,"Employment in services, female (% of female employment) (modeled ILO estimate)",SL.SRV.EMPL.FE.ZS,28.9096405101728
Eritrea,ERI,2017,"Employment in services, female (% of female employment) (modeled ILO estimate)",SL.SRV.EMPL.FE.ZS,27.5850832055715
Eritrea,ERI,2016,"Employment in services, female (% of female employment) (modeled ILO estimate)",SL.SRV.EMPL.FE.ZS,28.5099140365188
Eritrea,ERI,2015,"Employment in services, female (% of female employment) (modeled ILO estimate)",SL.SRV.EMPL.FE.ZS,27.6239524204249
Eritrea,ERI,2014,"Employment in services, female (% of female employment) (modeled ILO estimate)",SL.SRV.EMPL.FE.ZS,29.2904458498149
Eritrea,ERI,2013,"Employment in services, female (% of female employment) (modeled ILO estimate)",SL.SRV.EMPL.FE.ZS,27.4445343129884
Eritrea,ERI,2012,"Employment in services, female (% of female employment) (modeled ILO estimate)",SL.SRV.EMPL.FE.ZS,28.4174623732031
Eritrea,ERI,2011,"Employment in services, female (% of female employment) (modeled ILO estimate)",SL.SRV.EMPL.FE.ZS,28.132371861416
Eritrea,ERI,2010,"Employment in services, female (% of female employment) (modeled ILO estimate)",SL.SRV.EMPL.FE.ZS,27.0997761907702
Eritrea,ERI,2009,"Employment in services, female (% of female employment) (modeled ILO estimate)",SL.SRV.EMPL.FE.ZS,27.3396378290162
Eritrea,ERI,2008,"Employment in services, female (% of female employment) (modeled ILO estimate)",SL.SRV.EMPL.FE.ZS,26.8042679482404
Eritrea,ERI,2007,"Employment in services, female (% of female employment) (modeled ILO estimate)",SL.SRV.EMPL.FE.ZS,27.8663759651447
Eritrea,ERI,2006,"Employment in services, female (% of female employment) (modeled ILO estimate)",SL.SRV.EMPL.FE.ZS,27.7781019874458
Eritrea,ERI,2005,"Employment in services, female (% of female employment) (modeled ILO estimate)",SL.SRV.EMPL.FE.ZS,27.830287056878
Eritrea,ERI,2004,"Employment in services, female (% of female employment) (modeled ILO estimate)",SL.SRV.EMPL.FE.ZS,27.3944391121322
Eritrea,ERI,2003,"Employment in services, female (% of female employment) (modeled ILO estimate)",SL.SRV.EMPL.FE.ZS,27.0760703143199
Eritrea,ERI,2002,"Employment in services, female (% of female employment) (modeled ILO estimate)",SL.SRV.EMPL.FE.ZS,27.5378507135524
Eritrea,ERI,2001,"Employment in services, female (% of female employment) (modeled ILO estimate)",SL.SRV.EMPL.FE.ZS,27.1653646688111
Eritrea,ERI,2000,"Employment in services, female (% of female employment) (modeled ILO estimate)",SL.SRV.EMPL.FE.ZS,26.0460128504357
Eritrea,ERI,1999,"Employment in services, female (% of female employment) (modeled ILO estimate)",SL.SRV.EMPL.FE.ZS,26.6505615848131
Eritrea,ERI,1998,"Employment in services, female (% of female employment) (modeled ILO estimate)",SL.SRV.EMPL.FE.ZS,26.9335913148282
Eritrea,ERI,1997,"Employment in services, female (% of female employment) (modeled ILO estimate)",SL.SRV.EMPL.FE.ZS,27.4436168466133
Eritrea,ERI,1996,"Employment in services, female (% of female employment) (modeled ILO estimate)",SL.SRV.EMPL.FE.ZS,26.6440735640006
Eritrea,ERI,1995,"Employment in services, female (% of female employment) (modeled ILO estimate)",SL.SRV.EMPL.FE.ZS,26.0929916544702
Eritrea,ERI,1994,"Employment in services, female (% of female employment) (modeled ILO estimate)",SL.SRV.EMPL.FE.ZS,26.0637545757812
Eritrea,ERI,1993,"Employment in services, female (% of female employment) (modeled ILO estimate)",SL.SRV.EMPL.FE.ZS,25.3108678427631
Eritrea,ERI,1992,"Employment in services, female (% of female employment) (modeled ILO estimate)",SL.SRV.EMPL.FE.ZS,24.8762486373445
Eritrea,ERI,1991,"Employment in services, female (% of female employment) (modeled ILO estimate)",SL.SRV.EMPL.FE.ZS,25.3234007576484
Eritrea,ERI,2023,"Employment in services, male (% of male employment) (modeled ILO estimate)",SL.SRV.EMPL.MA.ZS,29.8641950151383
Eritrea,ERI,2022,"Employment in services, male (% of male employment) (modeled ILO estimate)",SL.SRV.EMPL.MA.ZS,29.479015380032
Eritrea,ERI,2021,"Employment in services, male (% of male employment) (modeled ILO estimate)",SL.SRV.EMPL.MA.ZS,29.1774133225317
Eritrea,ERI,2020,"Employment in services, male (% of male employment) (modeled ILO estimate)",SL.SRV.EMPL.MA.ZS,29.0488111646448
Eritrea,ERI,2019,"Employment in services, male (% of male employment) (modeled ILO estimate)",SL.SRV.EMPL.MA.ZS,29.4676587973767
Eritrea,ERI,2018,"Employment in services, male (% of male employment) (modeled ILO estimate)",SL.SRV.EMPL.MA.ZS,28.8177563286878
Eritrea,ERI,2017,"Employment in services, male (% of male employment) (modeled ILO estimate)",SL.SRV.EMPL.MA.ZS,27.3059838357635
Eritrea,ERI,2016,"Employment in services, male (% of male employment) (modeled ILO estimate)",SL.SRV.EMPL.MA.ZS,28.0004564717551
Eritrea,ERI,2015,"Employment in services, male (% of male employment) (modeled ILO estimate)",SL.SRV.EMPL.MA.ZS,26.9106849501148
Eritrea,ERI,2014,"Employment in services, male (% of male employment) (modeled ILO estimate)",SL.SRV.EMPL.MA.ZS,27.8463508468241
Eritrea,ERI,2013,"Employment in services, male (% of male employment) (modeled ILO estimate)",SL.SRV.EMPL.MA.ZS,25.8858740956332
Eritrea,ERI,2012,"Employment in services, male (% of male employment) (modeled ILO estimate)",SL.SRV.EMPL.MA.ZS,26.6061117501199
Eritrea,ERI,2011,"Employment in services, male (% of male employment) (modeled ILO estimate)",SL.SRV.EMPL.MA.ZS,26.1195102490995
Eritrea,ERI,2010,"Employment in services, male (% of male employment) (modeled ILO estimate)",SL.SRV.EMPL.MA.ZS,25.2328704839279
Eritrea,ERI,2009,"Employment in services, male (% of male employment) (modeled ILO estimate)",SL.SRV.EMPL.MA.ZS,24.6120234930939
Eritrea,ERI,2008,"Employment in services, male (% of male employment) (modeled ILO estimate)",SL.SRV.EMPL.MA.ZS,24.1617931123222
Eritrea,ERI,2007,"Employment in services, male (% of male employment) (modeled ILO estimate)",SL.SRV.EMPL.MA.ZS,24.8693338863488
Eritrea,ERI,2006,"Employment in services, male (% of male employment) (modeled ILO estimate)",SL.SRV.EMPL.MA.ZS,24.514656312668
Eritrea,ERI,2005,"Employment in services, male (% of male employment) (modeled ILO estimate)",SL.SRV.EMPL.MA.ZS,24.5017704096758
Eritrea,ERI,2004,"Employment in services, male (% of male employment) (modeled ILO estimate)",SL.SRV.EMPL.MA.ZS,24.6769421058386
Eritrea,ERI,2003,"Employment in services, male (% of male employment) (modeled ILO estimate)",SL.SRV.EMPL.MA.ZS,25.0025610933083
Eritrea,ERI,2002,"Employment in services, male (% of male employment) (modeled ILO estimate)",SL.SRV.EMPL.MA.ZS,25.2911227450772
Eritrea,ERI,2001,"Employment in services, male (% of male employment) (modeled ILO estimate)",SL.SRV.EMPL.MA.ZS,25.192949211425
Eritrea,ERI,2000,"Employment in services, male (% of male employment) (modeled ILO estimate)",SL.SRV.EMPL.MA.ZS,24.8785487801896
Eritrea,ERI,1999,"Employment in services, male (% of male employment) (modeled ILO estimate)",SL.SRV.EMPL.MA.ZS,24.5600354598286
Eritrea,ERI,1998,"Employment in services, male (% of male employment) (modeled ILO estimate)",SL.SRV.EMPL.MA.ZS,24.0906392689374
Eritrea,ERI,1997,"Employment in services, male (% of male employment) (modeled ILO estimate)",SL.SRV.EMPL.MA.ZS,23.2799364342234
Eritrea,ERI,1996,"Employment in services, male (% of male employment) (modeled ILO estimate)",SL.SRV.EMPL.MA.ZS,23.0032646869693
Eritrea,ERI,1995,"Employment in services, male (% of male employment) (modeled ILO estimate)",SL.SRV.EMPL.MA.ZS,22.8583274234903
Eritrea,ERI,1994,"Employment in services, male (% of male employment) (modeled ILO estimate)",SL.SRV.EMPL.MA.ZS,22.8732667334538
Eritrea,ERI,1993,"Employment in services, male (% of male employment) (modeled ILO estimate)",SL.SRV.EMPL.MA.ZS,22.3179910261977
Eritrea,ERI,1992,"Employment in services, male (% of male employment) (modeled ILO estimate)",SL.SRV.EMPL.MA.ZS,21.7366286716352
Eritrea,ERI,1991,"Employment in services, male (% of male employment) (modeled ILO estimate)",SL.SRV.EMPL.MA.ZS,21.3530684912379
Eritrea,ERI,2023,Employment in services (% of total employment) (modeled ILO estimate),SL.SRV.EMPL.ZS,30.0765601834847
Eritrea,ERI,2022,Employment in services (% of total employment) (modeled ILO estimate),SL.SRV.EMPL.ZS,29.7299562038061
Eritrea,ERI,2021,Employment in services (% of total employment) (modeled ILO estimate),SL.SRV.EMPL.ZS,29.2392922819461
Eritrea,ERI,2020,Employment in services (% of total employment) (modeled ILO estimate),SL.SRV.EMPL.ZS,29.196520391632
Eritrea,ERI,2019,Employment in services (% of total employment) (modeled ILO estimate),SL.SRV.EMPL.ZS,29.4475599655071
Eritrea,ERI,2018,Employment in services (% of total employment) (modeled ILO estimate),SL.SRV.EMPL.ZS,28.8613899666915
Eritrea,ERI,2017,Employment in services (% of total employment) (modeled ILO estimate),SL.SRV.EMPL.ZS,27.438093258403
Eritrea,ERI,2016,Employment in services (% of total employment) (modeled ILO estimate),SL.SRV.EMPL.ZS,28.2415874448515
Eritrea,ERI,2015,Employment in services (% of total employment) (modeled ILO estimate),SL.SRV.EMPL.ZS,27.2481307049008
Eritrea,ERI,2014,Employment in services (% of total employment) (modeled ILO estimate),SL.SRV.EMPL.ZS,28.5304065930942
Eritrea,ERI,2013,Employment in services (% of total employment) (modeled ILO estimate),SL.SRV.EMPL.ZS,26.6235629492832
Eritrea,ERI,2012,Employment in services (% of total employment) (modeled ILO estimate),SL.SRV.EMPL.ZS,27.4632919409748
Eritrea,ERI,2011,Employment in services (% of total employment) (modeled ILO estimate),SL.SRV.EMPL.ZS,27.0714084711747
Eritrea,ERI,2010,Employment in services (% of total employment) (modeled ILO estimate),SL.SRV.EMPL.ZS,26.1151947927997
Eritrea,ERI,2009,Employment in services (% of total employment) (modeled ILO estimate),SL.SRV.EMPL.ZS,25.9018818242686
Eritrea,ERI,2008,Employment in services (% of total employment) (modeled ILO estimate),SL.SRV.EMPL.ZS,25.4114698779237
Eritrea,ERI,2007,Employment in services (% of total employment) (modeled ILO estimate),SL.SRV.EMPL.ZS,26.286963708204
Eritrea,ERI,2006,Employment in services (% of total employment) (modeled ILO estimate),SL.SRV.EMPL.ZS,26.0603746726279
Eritrea,ERI,2005,Employment in services (% of total employment) (modeled ILO estimate),SL.SRV.EMPL.ZS,26.0806226389491
Eritrea,ERI,2004,Employment in services (% of total employment) (modeled ILO estimate),SL.SRV.EMPL.ZS,25.96735542714
Eritrea,ERI,2003,Employment in services (% of total employment) (modeled ILO estimate),SL.SRV.EMPL.ZS,25.9862921310107
Eritrea,ERI,2002,Employment in services (% of total employment) (modeled ILO estimate),SL.SRV.EMPL.ZS,26.3566794624764
Eritrea,ERI,2001,Employment in services (% of total employment) (modeled ILO estimate),SL.SRV.EMPL.ZS,26.1282689912827
Eritrea,ERI,2000,Employment in services (% of total employment) (modeled ILO estimate),SL.SRV.EMPL.ZS,25.4330157670382
Eritrea,ERI,1999,Employment in services (% of total employment) (modeled ILO estimate),SL.SRV.EMPL.ZS,25.5495705028165
Eritrea,ERI,1998,Employment in services (% of total employment) (modeled ILO estimate),SL.SRV.EMPL.ZS,25.4289593340573
Eritrea,ERI,1997,Employment in services (% of total employment) (modeled ILO estimate),SL.SRV.EMPL.ZS,25.2408142106794
Eritrea,ERI,1996,Employment in services (% of total employment) (modeled ILO estimate),SL.SRV.EMPL.ZS,24.7242786904488
Eritrea,ERI,1995,Employment in services (% of total employment) (modeled ILO estimate),SL.SRV.EMPL.ZS,24.3869934193718
Eritrea,ERI,1994,Employment in services (% of total employment) (modeled ILO estimate),SL.SRV.EMPL.ZS,24.3791781038623
Eritrea,ERI,1993,Employment in services (% of total employment) (modeled ILO estimate),SL.SRV.EMPL.ZS,23.7316031863625
Eritrea,ERI,1992,Employment in services (% of total employment) (modeled ILO estimate),SL.SRV.EMPL.ZS,23.22005547606
Eritrea,ERI,1991,Employment in services (% of total employment) (modeled ILO estimate),SL.SRV.EMPL.ZS,23.2310509384233
Eritrea,ERI,2024,"Labor force participation rate for ages 15-24, female (%) (modeled ILO estimate)",SL.TLF.ACTI.1524.FE.ZS,65.31
Eritrea,ERI,2023,"Labor force participation rate for ages 15-24, female (%) (modeled ILO estimate)",SL.TLF.ACTI.1524.FE.ZS,65.406
Eritrea,ERI,2022,"Labor force participation rate for ages 15-24, female (%) (modeled ILO estimate)",SL.TLF.ACTI.1524.FE.ZS,65.416
Eritrea,ERI,2021,"Labor force participation rate for ages 15-24, female (%) (modeled ILO estimate)",SL.TLF.ACTI.1524.FE.ZS,64.389
Eritrea,ERI,2020,"Labor force participation rate for ages 15-24, female (%) (modeled ILO estimate)",SL.TLF.ACTI.1524.FE.ZS,64.177
Eritrea,ERI,2019,"Labor force participation rate for ages 15-24, female (%) (modeled ILO estimate)",SL.TLF.ACTI.1524.FE.ZS,65.421
Eritrea,ERI,2018,"Labor force participation rate for ages 15-24, female (%) (modeled ILO estimate)",SL.TLF.ACTI.1524.FE.ZS,66.007
Eritrea,ERI,2017,"Labor force participation rate for ages 15-24, female (%) (modeled ILO estimate)",SL.TLF.ACTI.1524.FE.ZS,66.466
Eritrea,ERI,2016,"Labor force participation rate for ages 15-24, female (%) (modeled ILO estimate)",SL.TLF.ACTI.1524.FE.ZS,66.653
Eritrea,ERI,2015,"Labor force participation rate for ages 15-24, female (%) (modeled ILO estimate)",SL.TLF.ACTI.1524.FE.ZS,66.682
Eritrea,ERI,2014,"Labor force participation rate for ages 15-24, female (%) (modeled ILO estimate)",SL.TLF.ACTI.1524.FE.ZS,66.559
Eritrea,ERI,2013,"Labor force participation rate for ages 15-24, female (%) (modeled ILO estimate)",SL.TLF.ACTI.1524.FE.ZS,66.521
Eritrea,ERI,2012,"Labor force participation rate for ages 15-24, female (%) (modeled ILO estimate)",SL.TLF.ACTI.1524.FE.ZS,66.693
Eritrea,ERI,2011,"Labor force participation rate for ages 15-24, female (%) (modeled ILO estimate)",SL.TLF.ACTI.1524.FE.ZS,66.919
Eritrea,ERI,2010,"Labor force participation rate for ages 15-24, female (%) (modeled ILO estimate)",SL.TLF.ACTI.1524.FE.ZS,67.203
Eritrea,ERI,2009,"Labor force participation rate for ages 15-24, female (%) (modeled ILO estimate)",SL.TLF.ACTI.1524.FE.ZS,67.381
Eritrea,ERI,2008,"Labor force participation rate for ages 15-24, female (%) (modeled ILO estimate)",SL.TLF.ACTI.1524.FE.ZS,67.701
Eritrea,ERI,2007,"Labor force participation rate for ages 15-24, female (%) (modeled ILO estimate)",SL.TLF.ACTI.1524.FE.ZS,68.009
Eritrea,ERI,2006,"Labor force participation rate for ages 15-24, female (%) (modeled ILO estimate)",SL.TLF.ACTI.1524.FE.ZS,67.825
Eritrea,ERI,2005,"Labor force participation rate for ages 15-24, female (%) (modeled ILO estimate)",SL.TLF.ACTI.1524.FE.ZS,67.616
Eritrea,ERI,2004,"Labor force participation rate for ages 15-24, female (%) (modeled ILO estimate)",SL.TLF.ACTI.1524.FE.ZS,67.685
Eritrea,ERI,2003,"Labor force participation rate for ages 15-24, female (%) (modeled ILO estimate)",SL.TLF.ACTI.1524.FE.ZS,68.423
Eritrea,ERI,2002,"Labor force participation rate for ages 15-24, female (%) (modeled ILO estimate)",SL.TLF.ACTI.1524.FE.ZS,69.24
Eritrea,ERI,2001,"Labor force participation rate for ages 15-24, female (%) (modeled ILO estimate)",SL.TLF.ACTI.1524.FE.ZS,69.81
Eritrea,ERI,2000,"Labor force participation rate for ages 15-24, female (%) (modeled ILO estimate)",SL.TLF.ACTI.1524.FE.ZS,70.099
Eritrea,ERI,1999,"Labor force participation rate for ages 15-24, female (%) (modeled ILO estimate)",SL.TLF.ACTI.1524.FE.ZS,69.772
Eritrea,ERI,1998,"Labor force participation rate for ages 15-24, female (%) (modeled ILO estimate)",SL.TLF.ACTI.1524.FE.ZS,69.242
Eritrea,ERI,1997,"Labor force participation rate for ages 15-24, female (%) (modeled ILO estimate)",SL.TLF.ACTI.1524.FE.ZS,68.499
Eritrea,ERI,1996,"Labor force participation rate for ages 15-24, female (%) (modeled ILO estimate)",SL.TLF.ACTI.1524.FE.ZS,67.588
Eritrea,ERI,1995,"Labor force participation rate for ages 15-24, female (%) (modeled ILO estimate)",SL.TLF.ACTI.1524.FE.ZS,68.181
Eritrea,ERI,1994,"Labor force participation rate for ages 15-24, female (%) (modeled ILO estimate)",SL.TLF.ACTI.1524.FE.ZS,69.209
Eritrea,ERI,1993,"Labor force participation rate for ages 15-24, female (%) (modeled ILO estimate)",SL.TLF.ACTI.1524.FE.ZS,69.354
Eritrea,ERI,1992,"Labor force participation rate for ages 15-24, female (%) (modeled ILO estimate)",SL.TLF.ACTI.1524.FE.ZS,69.572
Eritrea,ERI,1991,"Labor force participation rate for ages 15-24, female (%) (modeled ILO estimate)",SL.TLF.ACTI.1524.FE.ZS,69.436
Eritrea,ERI,1990,"Labor force participation rate for ages 15-24, female (%) (modeled ILO estimate)",SL.TLF.ACTI.1524.FE.ZS,69.362
Eritrea,ERI,2024,"Labor force participation rate for ages 15-24, male (%) (modeled ILO estimate)",SL.TLF.ACTI.1524.MA.ZS,71.757
Eritrea,ERI,2023,"Labor force participation rate for ages 15-24, male (%) (modeled ILO estimate)",SL.TLF.ACTI.1524.MA.ZS,71.873
Eritrea,ERI,2022,"Labor force participation rate for ages 15-24, male (%) (modeled ILO estimate)",SL.TLF.ACTI.1524.MA.ZS,71.908
Eritrea,ERI,2021,"Labor force participation rate for ages 15-24, male (%) (modeled ILO estimate)",SL.TLF.ACTI.1524.MA.ZS,70.635
Eritrea,ERI,2020,"Labor force participation rate for ages 15-24, male (%) (modeled ILO estimate)",SL.TLF.ACTI.1524.MA.ZS,70.557
Eritrea,ERI,2019,"Labor force participation rate for ages 15-24, male (%) (modeled ILO estimate)",SL.TLF.ACTI.1524.MA.ZS,71.924
Eritrea,ERI,2018,"Labor force participation rate for ages 15-24, male (%) (modeled ILO estimate)",SL.TLF.ACTI.1524.MA.ZS,72.834
Eritrea,ERI,2017,"Labor force participation rate for ages 15-24, male (%) (modeled ILO estimate)",SL.TLF.ACTI.1524.MA.ZS,73.539
Eritrea,ERI,2016,"Labor force participation rate for ages 15-24, male (%) (modeled ILO estimate)",SL.TLF.ACTI.1524.MA.ZS,73.824
Eritrea,ERI,2015,"Labor force participation rate for ages 15-24, male (%) (modeled ILO estimate)",SL.TLF.ACTI.1524.MA.ZS,73.869
Eritrea,ERI,2014,"Labor force participation rate for ages 15-24, male (%) (modeled ILO estimate)",SL.TLF.ACTI.1524.MA.ZS,73.682
Eritrea,ERI,2013,"Labor force participation rate for ages 15-24, male (%) (modeled ILO estimate)",SL.TLF.ACTI.1524.MA.ZS,73.624
Eritrea,ERI,2012,"Labor force participation rate for ages 15-24, male (%) (modeled ILO estimate)",SL.TLF.ACTI.1524.MA.ZS,73.886
Eritrea,ERI,2011,"Labor force participation rate for ages 15-24, male (%) (modeled ILO estimate)",SL.TLF.ACTI.1524.MA.ZS,74.228
Eritrea,ERI,2010,"Labor force participation rate for ages 15-24, male (%) (modeled ILO estimate)",SL.TLF.ACTI.1524.MA.ZS,74.655
Eritrea,ERI,2009,"Labor force participation rate for ages 15-24, male (%) (modeled ILO estimate)",SL.TLF.ACTI.1524.MA.ZS,74.923
Eritrea,ERI,2008,"Labor force participation rate for ages 15-24, male (%) (modeled ILO estimate)",SL.TLF.ACTI.1524.MA.ZS,75.399
Eritrea,ERI,2007,"Labor force participation rate for ages 15-24, male (%) (modeled ILO estimate)",SL.TLF.ACTI.1524.MA.ZS,75.855
Eritrea,ERI,2006,"Labor force participation rate for ages 15-24, male (%) (modeled ILO estimate)",SL.TLF.ACTI.1524.MA.ZS,75.583
Eritrea,ERI,2005,"Labor force participation rate for ages 15-24, male (%) (modeled ILO estimate)",SL.TLF.ACTI.1524.MA.ZS,75.273
Eritrea,ERI,2004,"Labor force participation rate for ages 15-24, male (%) (modeled ILO estimate)",SL.TLF.ACTI.1524.MA.ZS,75.376
Eritrea,ERI,2003,"Labor force participation rate for ages 15-24, male (%) (modeled ILO estimate)",SL.TLF.ACTI.1524.MA.ZS,76.461
Eritrea,ERI,2002,"Labor force participation rate for ages 15-24, male (%) (modeled ILO estimate)",SL.TLF.ACTI.1524.MA.ZS,77.64
Eritrea,ERI,2001,"Labor force participation rate for ages 15-24, male (%) (modeled ILO estimate)",SL.TLF.ACTI.1524.MA.ZS,78.446
Eritrea,ERI,2000,"Labor force participation rate for ages 15-24, male (%) (modeled ILO estimate)",SL.TLF.ACTI.1524.MA.ZS,78.851
Eritrea,ERI,1999,"Labor force participation rate for ages 15-24, male (%) (modeled ILO estimate)",SL.TLF.ACTI.1524.MA.ZS,78.392
Eritrea,ERI,1998,"Labor force participation rate for ages 15-24, male (%) (modeled ILO estimate)",SL.TLF.ACTI.1524.MA.ZS,77.642
Eritrea,ERI,1997,"Labor force participation rate for ages 15-24, male (%) (modeled ILO estimate)",SL.TLF.ACTI.1524.MA.ZS,76.573
Eritrea,ERI,1996,"Labor force participation rate for ages 15-24, male (%) (modeled ILO estimate)",SL.TLF.ACTI.1524.MA.ZS,75.232
Eritrea,ERI,1995,"Labor force participation rate for ages 15-24, male (%) (modeled ILO estimate)",SL.TLF.ACTI.1524.MA.ZS,76.108
Eritrea,ERI,1994,"Labor force participation rate for ages 15-24, male (%) (modeled ILO estimate)",SL.TLF.ACTI.1524.MA.ZS,77.595
Eritrea,ERI,1993,"Labor force participation rate for ages 15-24, male (%) (modeled ILO estimate)",SL.TLF.ACTI.1524.MA.ZS,77.801
Eritrea,ERI,1992,"Labor force participation rate for ages 15-24, male (%) (modeled ILO estimate)",SL.TLF.ACTI.1524.MA.ZS,78.111
Eritrea,ERI,1991,"Labor force participation rate for ages 15-24, male (%) (modeled ILO estimate)",SL.TLF.ACTI.1524.MA.ZS,77.918
Eritrea,ERI,1990,"Labor force participation rate for ages 15-24, male (%) (modeled ILO estimate)",SL.TLF.ACTI.1524.MA.ZS,77.814
Eritrea,ERI,2024,"Labor force participation rate for ages 15-24, total (%) (modeled ILO estimate)",SL.TLF.ACTI.1524.ZS,68.553
Eritrea,ERI,2023,"Labor force participation rate for ages 15-24, total (%) (modeled ILO estimate)",SL.TLF.ACTI.1524.ZS,68.66
Eritrea,ERI,2022,"Labor force participation rate for ages 15-24, total (%) (modeled ILO estimate)",SL.TLF.ACTI.1524.ZS,68.683
Eritrea,ERI,2021,"Labor force participation rate for ages 15-24, total (%) (modeled ILO estimate)",SL.TLF.ACTI.1524.ZS,67.533
Eritrea,ERI,2020,"Labor force participation rate for ages 15-24, total (%) (modeled ILO estimate)",SL.TLF.ACTI.1524.ZS,67.389
Eritrea,ERI,2019,"Labor force participation rate for ages 15-24, total (%) (modeled ILO estimate)",SL.TLF.ACTI.1524.ZS,68.695
Eritrea,ERI,2018,"Labor force participation rate for ages 15-24, total (%) (modeled ILO estimate)",SL.TLF.ACTI.1524.ZS,69.444
Eritrea,ERI,2017,"Labor force participation rate for ages 15-24, total (%) (modeled ILO estimate)",SL.TLF.ACTI.1524.ZS,70.027
Eritrea,ERI,2016,"Labor force participation rate for ages 15-24, total (%) (modeled ILO estimate)",SL.TLF.ACTI.1524.ZS,70.26
Eritrea,ERI,2015,"Labor force participation rate for ages 15-24, total (%) (modeled ILO estimate)",SL.TLF.ACTI.1524.ZS,70.295
Eritrea,ERI,2014,"Labor force participation rate for ages 15-24, total (%) (modeled ILO estimate)",SL.TLF.ACTI.1524.ZS,70.135
Eritrea,ERI,2013,"Labor force participation rate for ages 15-24, total (%) (modeled ILO estimate)",SL.TLF.ACTI.1524.ZS,70.082
Eritrea,ERI,2012,"Labor force participation rate for ages 15-24, total (%) (modeled ILO estimate)",SL.TLF.ACTI.1524.ZS,70.296
Eritrea,ERI,2011,"Labor force participation rate for ages 15-24, total (%) (modeled ILO estimate)",SL.TLF.ACTI.1524.ZS,70.575
Eritrea,ERI,2010,"Labor force participation rate for ages 15-24, total (%) (modeled ILO estimate)",SL.TLF.ACTI.1524.ZS,70.927
Eritrea,ERI,2009,"Labor force participation rate for ages 15-24, total (%) (modeled ILO estimate)",SL.TLF.ACTI.1524.ZS,71.147
Eritrea,ERI,2008,"Labor force participation rate for ages 15-24, total (%) (modeled ILO estimate)",SL.TLF.ACTI.1524.ZS,71.543
Eritrea,ERI,2007,"Labor force participation rate for ages 15-24, total (%) (modeled ILO estimate)",SL.TLF.ACTI.1524.ZS,71.922
Eritrea,ERI,2006,"Labor force participation rate for ages 15-24, total (%) (modeled ILO estimate)",SL.TLF.ACTI.1524.ZS,71.687
Eritrea,ERI,2005,"Labor force participation rate for ages 15-24, total (%) (modeled ILO estimate)",SL.TLF.ACTI.1524.ZS,71.422
Eritrea,ERI,2004,"Labor force participation rate for ages 15-24, total (%) (modeled ILO estimate)",SL.TLF.ACTI.1524.ZS,71.501
Eritrea,ERI,2003,"Labor force participation rate for ages 15-24, total (%) (modeled ILO estimate)",SL.TLF.ACTI.1524.ZS,72.406
Eritrea,ERI,2002,"Labor force participation rate for ages 15-24, total (%) (modeled ILO estimate)",SL.TLF.ACTI.1524.ZS,73.396
Eritrea,ERI,2001,"Labor force participation rate for ages 15-24, total (%) (modeled ILO estimate)",SL.TLF.ACTI.1524.ZS,74.073
Eritrea,ERI,2000,"Labor force participation rate for ages 15-24, total (%) (modeled ILO estimate)",SL.TLF.ACTI.1524.ZS,74.408
Eritrea,ERI,1999,"Labor force participation rate for ages 15-24, total (%) (modeled ILO estimate)",SL.TLF.ACTI.1524.ZS,74.024
Eritrea,ERI,1998,"Labor force participation rate for ages 15-24, total (%) (modeled ILO estimate)",SL.TLF.ACTI.1524.ZS,73.407
Eritrea,ERI,1997,"Labor force participation rate for ages 15-24, total (%) (modeled ILO estimate)",SL.TLF.ACTI.1524.ZS,72.506
Eritrea,ERI,1996,"Labor force participation rate for ages 15-24, total (%) (modeled ILO estimate)",SL.TLF.ACTI.1524.ZS,71.374
Eritrea,ERI,1995,"Labor force participation rate for ages 15-24, total (%) (modeled ILO estimate)",SL.TLF.ACTI.1524.ZS,72.107
Eritrea,ERI,1994,"Labor force participation rate for ages 15-24, total (%) (modeled ILO estimate)",SL.TLF.ACTI.1524.ZS,73.362
Eritrea,ERI,1993,"Labor force participation rate for ages 15-24, total (%) (modeled ILO estimate)",SL.TLF.ACTI.1524.ZS,73.532
Eritrea,ERI,1992,"Labor force participation rate for ages 15-24, total (%) (modeled ILO estimate)",SL.TLF.ACTI.1524.ZS,73.79
Eritrea,ERI,1991,"Labor force participation rate for ages 15-24, total (%) (modeled ILO estimate)",SL.TLF.ACTI.1524.ZS,73.618
Eritrea,ERI,1990,"Labor force participation rate for ages 15-24, total (%) (modeled ILO estimate)",SL.TLF.ACTI.1524.ZS,73.525
Eritrea,ERI,2024,"Labor force participation rate, female (% of female population ages 15-64) (modeled ILO estimate)",SL.TLF.ACTI.FE.ZS,75.493
Eritrea,ERI,2023,"Labor force participation rate, female (% of female population ages 15-64) (modeled ILO estimate)",SL.TLF.ACTI.FE.ZS,75.52
Eritrea,ERI,2022,"Labor force participation rate, female (% of female population ages 15-64) (modeled ILO estimate)",SL.TLF.ACTI.FE.ZS,75.477
Eritrea,ERI,2021,"Labor force participation rate, female (% of female population ages 15-64) (modeled ILO estimate)",SL.TLF.ACTI.FE.ZS,75.021
Eritrea,ERI,2020,"Labor force participation rate, female (% of female population ages 15-64) (modeled ILO estimate)",SL.TLF.ACTI.FE.ZS,74.496
Eritrea,ERI,2019,"Labor force participation rate, female (% of female population ages 15-64) (modeled ILO estimate)",SL.TLF.ACTI.FE.ZS,75.507
Eritrea,ERI,2018,"Labor force participation rate, female (% of female population ages 15-64) (modeled ILO estimate)",SL.TLF.ACTI.FE.ZS,75.644
Eritrea,ERI,2017,"Labor force participation rate, female (% of female population ages 15-64) (modeled ILO estimate)",SL.TLF.ACTI.FE.ZS,75.828
Eritrea,ERI,2016,"Labor force participation rate, female (% of female population ages 15-64) (modeled ILO estimate)",SL.TLF.ACTI.FE.ZS,75.837
Eritrea,ERI,2015,"Labor force participation rate, female (% of female population ages 15-64) (modeled ILO estimate)",SL.TLF.ACTI.FE.ZS,75.945
Eritrea,ERI,2014,"Labor force participation rate, female (% of female population ages 15-64) (modeled ILO estimate)",SL.TLF.ACTI.FE.ZS,75.828
Eritrea,ERI,2013,"Labor force participation rate, female (% of female population ages 15-64) (modeled ILO estimate)",SL.TLF.ACTI.FE.ZS,76.04
Eritrea,ERI,2012,"Labor force participation rate, female (% of female population ages 15-64) (modeled ILO estimate)",SL.TLF.ACTI.FE.ZS,75.993
Eritrea,ERI,2011,"Labor force participation rate, female (% of female population ages 15-64) (modeled ILO estimate)",SL.TLF.ACTI.FE.ZS,76.044
Eritrea,ERI,2010,"Labor force participation rate, female (% of female population ages 15-64) (modeled ILO estimate)",SL.TLF.ACTI.FE.ZS,76.132
Eritrea,ERI,2009,"Labor force participation rate, female (% of female population ages 15-64) (modeled ILO estimate)",SL.TLF.ACTI.FE.ZS,76.162
Eritrea,ERI,2008,"Labor force participation rate, female (% of female population ages 15-64) (modeled ILO estimate)",SL.TLF.ACTI.FE.ZS,76.203
Eritrea,ERI,2007,"Labor force participation rate, female (% of female population ages 15-64) (modeled ILO estimate)",SL.TLF.ACTI.FE.ZS,76.136
Eritrea,ERI,2006,"Labor force participation rate, female (% of female population ages 15-64) (modeled ILO estimate)",SL.TLF.ACTI.FE.ZS,76.136
Eritrea,ERI,2005,"Labor force participation rate, female (% of female population ages 15-64) (modeled ILO estimate)",SL.TLF.ACTI.FE.ZS,76.099
Eritrea,ERI,2004,"Labor force participation rate, female (% of female population ages 15-64) (modeled ILO estimate)",SL.TLF.ACTI.FE.ZS,76.085
Eritrea,ERI,2003,"Labor force participation rate, female (% of female population ages 15-64) (modeled ILO estimate)",SL.TLF.ACTI.FE.ZS,76.071
Eritrea,ERI,2002,"Labor force participation rate, female (% of female population ages 15-64) (modeled ILO estimate)",SL.TLF.ACTI.FE.ZS,76.027
Eritrea,ERI,2001,"Labor force participation rate, female (% of female population ages 15-64) (modeled ILO estimate)",SL.TLF.ACTI.FE.ZS,76.029
Eritrea,ERI,2000,"Labor force participation rate, female (% of female population ages 15-64) (modeled ILO estimate)",SL.TLF.ACTI.FE.ZS,76.069
Eritrea,ERI,1999,"Labor force participation rate, female (% of female population ages 15-64) (modeled ILO estimate)",SL.TLF.ACTI.FE.ZS,76.039
Eritrea,ERI,1998,"Labor force participation rate, female (% of female population ages 15-64) (modeled ILO estimate)",SL.TLF.ACTI.FE.ZS,76.024
Eritrea,ERI,1997,"Labor force participation rate, female (% of female population ages 15-64) (modeled ILO estimate)",SL.TLF.ACTI.FE.ZS,76.007
Eritrea,ERI,1996,"Labor force participation rate, female (% of female population ages 15-64) (modeled ILO estimate)",SL.TLF.ACTI.FE.ZS,76.006
Eritrea,ERI,1995,"Labor force participation rate, female (% of female population ages 15-64) (modeled ILO estimate)",SL.TLF.ACTI.FE.ZS,76.017
Eritrea,ERI,1994,"Labor force participation rate, female (% of female population ages 15-64) (modeled ILO estimate)",SL.TLF.ACTI.FE.ZS,76.004
Eritrea,ERI,1993,"Labor force participation rate, female (% of female population ages 15-64) (modeled ILO estimate)",SL.TLF.ACTI.FE.ZS,76.137
Eritrea,ERI,1992,"Labor force participation rate, female (% of female population ages 15-64) (modeled ILO estimate)",SL.TLF.ACTI.FE.ZS,76.226
Eritrea,ERI,1991,"Labor force participation rate, female (% of female population ages 15-64) (modeled ILO estimate)",SL.TLF.ACTI.FE.ZS,76.233
Eritrea,ERI,1990,"Labor force participation rate, female (% of female population ages 15-64) (modeled ILO estimate)",SL.TLF.ACTI.FE.ZS,76.238
Eritrea,ERI,2024,"Labor force participation rate, male (% of male population ages 15-64) (modeled ILO estimate)",SL.TLF.ACTI.MA.ZS,85.762
Eritrea,ERI,2023,"Labor force participation rate, male (% of male population ages 15-64) (modeled ILO estimate)",SL.TLF.ACTI.MA.ZS,85.759
Eritrea,ERI,2022,"Labor force participation rate, male (% of male population ages 15-64) (modeled ILO estimate)",SL.TLF.ACTI.MA.ZS,85.705
Eritrea,ERI,2021,"Labor force participation rate, male (% of male population ages 15-64) (modeled ILO estimate)",SL.TLF.ACTI.MA.ZS,84.925
Eritrea,ERI,2020,"Labor force participation rate, male (% of male population ages 15-64) (modeled ILO estimate)",SL.TLF.ACTI.MA.ZS,84.528
Eritrea,ERI,2019,"Labor force participation rate, male (% of male population ages 15-64) (modeled ILO estimate)",SL.TLF.ACTI.MA.ZS,85.659
Eritrea,ERI,2018,"Labor force participation rate, male (% of male population ages 15-64) (modeled ILO estimate)",SL.TLF.ACTI.MA.ZS,86.172
Eritrea,ERI,2017,"Labor force participation rate, male (% of male population ages 15-64) (modeled ILO estimate)",SL.TLF.ACTI.MA.ZS,86.665
Eritrea,ERI,2016,"Labor force participation rate, male (% of male population ages 15-64) (modeled ILO estimate)",SL.TLF.ACTI.MA.ZS,86.772
Eritrea,ERI,2015,"Labor force participation rate, male (% of male population ages 15-64) (modeled ILO estimate)",SL.TLF.ACTI.MA.ZS,86.902
Eritrea,ERI,2014,"Labor force participation rate, male (% of male population ages 15-64) (modeled ILO estimate)",SL.TLF.ACTI.MA.ZS,86.668
Eritrea,ERI,2013,"Labor force participation rate, male (% of male population ages 15-64) (modeled ILO estimate)",SL.TLF.ACTI.MA.ZS,86.897
Eritrea,ERI,2012,"Labor force participation rate, male (% of male population ages 15-64) (modeled ILO estimate)",SL.TLF.ACTI.MA.ZS,86.95
Eritrea,ERI,2011,"Labor force participation rate, male (% of male population ages 15-64) (modeled ILO estimate)",SL.TLF.ACTI.MA.ZS,87.169
Eritrea,ERI,2010,"Labor force participation rate, male (% of male population ages 15-64) (modeled ILO estimate)",SL.TLF.ACTI.MA.ZS,87.464
Eritrea,ERI,2009,"Labor force participation rate, male (% of male population ages 15-64) (modeled ILO estimate)",SL.TLF.ACTI.MA.ZS,87.621
Eritrea,ERI,2008,"Labor force participation rate, male (% of male population ages 15-64) (modeled ILO estimate)",SL.TLF.ACTI.MA.ZS,87.883
Eritrea,ERI,2007,"Labor force participation rate, male (% of male population ages 15-64) (modeled ILO estimate)",SL.TLF.ACTI.MA.ZS,88.014
Eritrea,ERI,2006,"Labor force participation rate, male (% of male population ages 15-64) (modeled ILO estimate)",SL.TLF.ACTI.MA.ZS,87.914
Eritrea,ERI,2005,"Labor force participation rate, male (% of male population ages 15-64) (modeled ILO estimate)",SL.TLF.ACTI.MA.ZS,87.755
Eritrea,ERI,2004,"Labor force participation rate, male (% of male population ages 15-64) (modeled ILO estimate)",SL.TLF.ACTI.MA.ZS,87.797
Eritrea,ERI,2003,"Labor force participation rate, male (% of male population ages 15-64) (modeled ILO estimate)",SL.TLF.ACTI.MA.ZS,88.268
Eritrea,ERI,2002,"Labor force participation rate, male (% of male population ages 15-64) (modeled ILO estimate)",SL.TLF.ACTI.MA.ZS,88.768
Eritrea,ERI,2001,"Labor force participation rate, male (% of male population ages 15-64) (modeled ILO estimate)",SL.TLF.ACTI.MA.ZS,89.163
Eritrea,ERI,2000,"Labor force participation rate, male (% of male population ages 15-64) (modeled ILO estimate)",SL.TLF.ACTI.MA.ZS,89.418
Eritrea,ERI,1999,"Labor force participation rate, male (% of male population ages 15-64) (modeled ILO estimate)",SL.TLF.ACTI.MA.ZS,89.201
Eritrea,ERI,1998,"Labor force participation rate, male (% of male population ages 15-64) (modeled ILO estimate)",SL.TLF.ACTI.MA.ZS,88.857
Eritrea,ERI,1997,"Labor force participation rate, male (% of male population ages 15-64) (modeled ILO estimate)",SL.TLF.ACTI.MA.ZS,88.359
Eritrea,ERI,1996,"Labor force participation rate, male (% of male population ages 15-64) (modeled ILO estimate)",SL.TLF.ACTI.MA.ZS,87.773
Eritrea,ERI,1995,"Labor force participation rate, male (% of male population ages 15-64) (modeled ILO estimate)",SL.TLF.ACTI.MA.ZS,88.15
Eritrea,ERI,1994,"Labor force participation rate, male (% of male population ages 15-64) (modeled ILO estimate)",SL.TLF.ACTI.MA.ZS,88.779
Eritrea,ERI,1993,"Labor force participation rate, male (% of male population ages 15-64) (modeled ILO estimate)",SL.TLF.ACTI.MA.ZS,89.017
Eritrea,ERI,1992,"Labor force participation rate, male (% of male population ages 15-64) (modeled ILO estimate)",SL.TLF.ACTI.MA.ZS,89.254
Eritrea,ERI,1991,"Labor force participation rate, male (% of male population ages 15-64) (modeled ILO estimate)",SL.TLF.ACTI.MA.ZS,89.19
Eritrea,ERI,1990,"Labor force participation rate, male (% of male population ages 15-64) (modeled ILO estimate)",SL.TLF.ACTI.MA.ZS,89.163
Eritrea,ERI,2024,"Labor force participation rate, total (% of total population ages 15-64) (modeled ILO estimate)",SL.TLF.ACTI.ZS,80.538
Eritrea,ERI,2023,"Labor force participation rate, total (% of total population ages 15-64) (modeled ILO estimate)",SL.TLF.ACTI.ZS,80.545
Eritrea,ERI,2022,"Labor force participation rate, total (% of total population ages 15-64) (modeled ILO estimate)",SL.TLF.ACTI.ZS,80.491
Eritrea,ERI,2021,"Labor force participation rate, total (% of total population ages 15-64) (modeled ILO estimate)",SL.TLF.ACTI.ZS,79.871
Eritrea,ERI,2020,"Labor force participation rate, total (% of total population ages 15-64) (modeled ILO estimate)",SL.TLF.ACTI.ZS,79.403
Eritrea,ERI,2019,"Labor force participation rate, total (% of total population ages 15-64) (modeled ILO estimate)",SL.TLF.ACTI.ZS,80.467
Eritrea,ERI,2018,"Labor force participation rate, total (% of total population ages 15-64) (modeled ILO estimate)",SL.TLF.ACTI.ZS,80.781
Eritrea,ERI,2017,"Labor force participation rate, total (% of total population ages 15-64) (modeled ILO estimate)",SL.TLF.ACTI.ZS,81.11
Eritrea,ERI,2016,"Labor force participation rate, total (% of total population ages 15-64) (modeled ILO estimate)",SL.TLF.ACTI.ZS,81.163
Eritrea,ERI,2015,"Labor force participation rate, total (% of total population ages 15-64) (modeled ILO estimate)",SL.TLF.ACTI.ZS,81.278
Eritrea,ERI,2014,"Labor force participation rate, total (% of total population ages 15-64) (modeled ILO estimate)",SL.TLF.ACTI.ZS,81.101
Eritrea,ERI,2013,"Labor force participation rate, total (% of total population ages 15-64) (modeled ILO estimate)",SL.TLF.ACTI.ZS,81.319
Eritrea,ERI,2012,"Labor force participation rate, total (% of total population ages 15-64) (modeled ILO estimate)",SL.TLF.ACTI.ZS,81.317
Eritrea,ERI,2011,"Labor force participation rate, total (% of total population ages 15-64) (modeled ILO estimate)",SL.TLF.ACTI.ZS,81.446
Eritrea,ERI,2010,"Labor force participation rate, total (% of total population ages 15-64) (modeled ILO estimate)",SL.TLF.ACTI.ZS,81.63
Eritrea,ERI,2009,"Labor force participation rate, total (% of total population ages 15-64) (modeled ILO estimate)",SL.TLF.ACTI.ZS,81.716
Eritrea,ERI,2008,"Labor force participation rate, total (% of total population ages 15-64) (modeled ILO estimate)",SL.TLF.ACTI.ZS,81.858
Eritrea,ERI,2007,"Labor force participation rate, total (% of total population ages 15-64) (modeled ILO estimate)",SL.TLF.ACTI.ZS,81.88
Eritrea,ERI,2006,"Labor force participation rate, total (% of total population ages 15-64) (modeled ILO estimate)",SL.TLF.ACTI.ZS,81.829
Eritrea,ERI,2005,"Labor force participation rate, total (% of total population ages 15-64) (modeled ILO estimate)",SL.TLF.ACTI.ZS,81.729
Eritrea,ERI,2004,"Labor force participation rate, total (% of total population ages 15-64) (modeled ILO estimate)",SL.TLF.ACTI.ZS,81.738
Eritrea,ERI,2003,"Labor force participation rate, total (% of total population ages 15-64) (modeled ILO estimate)",SL.TLF.ACTI.ZS,81.946
Eritrea,ERI,2002,"Labor force participation rate, total (% of total population ages 15-64) (modeled ILO estimate)",SL.TLF.ACTI.ZS,82.151
Eritrea,ERI,2001,"Labor force participation rate, total (% of total population ages 15-64) (modeled ILO estimate)",SL.TLF.ACTI.ZS,82.329
Eritrea,ERI,2000,"Labor force participation rate, total (% of total population ages 15-64) (modeled ILO estimate)",SL.TLF.ACTI.ZS,82.465
Eritrea,ERI,1999,"Labor force participation rate, total (% of total population ages 15-64) (modeled ILO estimate)",SL.TLF.ACTI.ZS,82.374
Eritrea,ERI,1998,"Labor force participation rate, total (% of total population ages 15-64) (modeled ILO estimate)",SL.TLF.ACTI.ZS,82.247
Eritrea,ERI,1997,"Labor force participation rate, total (% of total population ages 15-64) (modeled ILO estimate)",SL.TLF.ACTI.ZS,82.013
Eritrea,ERI,1996,"Labor force participation rate, total (% of total population ages 15-64) (modeled ILO estimate)",SL.TLF.ACTI.ZS,81.728
Eritrea,ERI,1995,"Labor force participation rate, total (% of total population ages 15-64) (modeled ILO estimate)",SL.TLF.ACTI.ZS,81.907
Eritrea,ERI,1994,"Labor force participation rate, total (% of total population ages 15-64) (modeled ILO estimate)",SL.TLF.ACTI.ZS,82.191
Eritrea,ERI,1993,"Labor force participation rate, total (% of total population ages 15-64) (modeled ILO estimate)",SL.TLF.ACTI.ZS,82.367
Eritrea,ERI,1992,"Labor force participation rate, total (% of total population ages 15-64) (modeled ILO estimate)",SL.TLF.ACTI.ZS,82.52
Eritrea,ERI,1991,"Labor force participation rate, total (% of total population ages 15-64) (modeled ILO estimate)",SL.TLF.ACTI.ZS,82.491
Eritrea,ERI,1990,"Labor force participation rate, total (% of total population ages 15-64) (modeled ILO estimate)",SL.TLF.ACTI.ZS,82.481
Eritrea,ERI,2024,"Labor force participation rate, female (% of female population ages 15+) (modeled ILO estimate)",SL.TLF.CACT.FE.ZS,72.336
Eritrea,ERI,2023,"Labor force participation rate, female (% of female population ages 15+) (modeled ILO estimate)",SL.TLF.CACT.FE.ZS,72.385
Eritrea,ERI,2022,"Labor force participation rate, female (% of female population ages 15+) (modeled ILO estimate)",SL.TLF.CACT.FE.ZS,72.354
Eritrea,ERI,2021,"Labor force participation rate, female (% of female population ages 15+) (modeled ILO estimate)",SL.TLF.CACT.FE.ZS,71.975
Eritrea,ERI,2020,"Labor force participation rate, female (% of female population ages 15+) (modeled ILO estimate)",SL.TLF.CACT.FE.ZS,71.404
Eritrea,ERI,2019,"Labor force participation rate, female (% of female population ages 15+) (modeled ILO estimate)",SL.TLF.CACT.FE.ZS,72.364
Eritrea,ERI,2018,"Labor force participation rate, female (% of female population ages 15+) (modeled ILO estimate)",SL.TLF.CACT.FE.ZS,72.512
Eritrea,ERI,2017,"Labor force participation rate, female (% of female population ages 15+) (modeled ILO estimate)",SL.TLF.CACT.FE.ZS,72.728
Eritrea,ERI,2016,"Labor force participation rate, female (% of female population ages 15+) (modeled ILO estimate)",SL.TLF.CACT.FE.ZS,72.749
Eritrea,ERI,2015,"Labor force participation rate, female (% of female population ages 15+) (modeled ILO estimate)",SL.TLF.CACT.FE.ZS,72.902
Eritrea,ERI,2014,"Labor force participation rate, female (% of female population ages 15+) (modeled ILO estimate)",SL.TLF.CACT.FE.ZS,72.801
Eritrea,ERI,2013,"Labor force participation rate, female (% of female population ages 15+) (modeled ILO estimate)",SL.TLF.CACT.FE.ZS,73.105
Eritrea,ERI,2012,"Labor force participation rate, female (% of female population ages 15+) (modeled ILO estimate)",SL.TLF.CACT.FE.ZS,73.075
Eritrea,ERI,2011,"Labor force participation rate, female (% of female population ages 15+) (modeled ILO estimate)",SL.TLF.CACT.FE.ZS,73.168
Eritrea,ERI,2010,"Labor force participation rate, female (% of female population ages 15+) (modeled ILO estimate)",SL.TLF.CACT.FE.ZS,73.296
Eritrea,ERI,2009,"Labor force participation rate, female (% of female population ages 15+) (modeled ILO estimate)",SL.TLF.CACT.FE.ZS,73.362
Eritrea,ERI,2008,"Labor force participation rate, female (% of female population ages 15+) (modeled ILO estimate)",SL.TLF.CACT.FE.ZS,73.436
Eritrea,ERI,2007,"Labor force participation rate, female (% of female population ages 15+) (modeled ILO estimate)",SL.TLF.CACT.FE.ZS,73.38
Eritrea,ERI,2006,"Labor force participation rate, female (% of female population ages 15+) (modeled ILO estimate)",SL.TLF.CACT.FE.ZS,73.439
Eritrea,ERI,2005,"Labor force participation rate, female (% of female population ages 15+) (modeled ILO estimate)",SL.TLF.CACT.FE.ZS,73.453
Eritrea,ERI,2004,"Labor force participation rate, female (% of female population ages 15+) (modeled ILO estimate)",SL.TLF.CACT.FE.ZS,73.474
Eritrea,ERI,2003,"Labor force participation rate, female (% of female population ages 15+) (modeled ILO estimate)",SL.TLF.CACT.FE.ZS,73.452
Eritrea,ERI,2002,"Labor force participation rate, female (% of female population ages 15+) (modeled ILO estimate)",SL.TLF.CACT.FE.ZS,73.397
Eritrea,ERI,2001,"Labor force participation rate, female (% of female population ages 15+) (modeled ILO estimate)",SL.TLF.CACT.FE.ZS,73.413
Eritrea,ERI,2000,"Labor force participation rate, female (% of female population ages 15+) (modeled ILO estimate)",SL.TLF.CACT.FE.ZS,73.49
Eritrea,ERI,1999,"Labor force participation rate, female (% of female population ages 15+) (modeled ILO estimate)",SL.TLF.CACT.FE.ZS,73.498
Eritrea,ERI,1998,"Labor force participation rate, female (% of female population ages 15+) (modeled ILO estimate)",SL.TLF.CACT.FE.ZS,73.531
Eritrea,ERI,1997,"Labor force participation rate, female (% of female population ages 15+) (modeled ILO estimate)",SL.TLF.CACT.FE.ZS,73.584
Eritrea,ERI,1996,"Labor force participation rate, female (% of female population ages 15+) (modeled ILO estimate)",SL.TLF.CACT.FE.ZS,73.664
Eritrea,ERI,1995,"Labor force participation rate, female (% of female population ages 15+) (modeled ILO estimate)",SL.TLF.CACT.FE.ZS,73.677
Eritrea,ERI,1994,"Labor force participation rate, female (% of female population ages 15+) (modeled ILO estimate)",SL.TLF.CACT.FE.ZS,73.642
Eritrea,ERI,1993,"Labor force participation rate, female (% of female population ages 15+) (modeled ILO estimate)",SL.TLF.CACT.FE.ZS,73.821
Eritrea,ERI,1992,"Labor force participation rate, female (% of female population ages 15+) (modeled ILO estimate)",SL.TLF.CACT.FE.ZS,73.946
Eritrea,ERI,1991,"Labor force participation rate, female (% of female population ages 15+) (modeled ILO estimate)",SL.TLF.CACT.FE.ZS,73.993
Eritrea,ERI,1990,"Labor force participation rate, female (% of female population ages 15+) (modeled ILO estimate)",SL.TLF.CACT.FE.ZS,74.031
Eritrea,ERI,2024,Ratio of female to male labor force participation rate (%) (modeled ILO estimate),SL.TLF.CACT.FM.ZS,85.8027400510053
Eritrea,ERI,2023,Ratio of female to male labor force participation rate (%) (modeled ILO estimate),SL.TLF.CACT.FM.ZS,85.8537337508303
Eritrea,ERI,2022,Ratio of female to male labor force participation rate (%) (modeled ILO estimate),SL.TLF.CACT.FM.ZS,85.8658501851324
Eritrea,ERI,2021,Ratio of female to male labor force participation rate (%) (modeled ILO estimate),SL.TLF.CACT.FM.ZS,86.1573636265696
Eritrea,ERI,2020,Ratio of female to male labor force participation rate (%) (modeled ILO estimate),SL.TLF.CACT.FM.ZS,85.9378008858078
Eritrea,ERI,2019,Ratio of female to male labor force participation rate (%) (modeled ILO estimate),SL.TLF.CACT.FM.ZS,85.9674966736362
Eritrea,ERI,2018,Ratio of female to male labor force participation rate (%) (modeled ILO estimate),SL.TLF.CACT.FM.ZS,85.6073574725807
Eritrea,ERI,2017,Ratio of female to male labor force participation rate (%) (modeled ILO estimate),SL.TLF.CACT.FM.ZS,85.298429564993
Eritrea,ERI,2016,Ratio of female to male labor force participation rate (%) (modeled ILO estimate),SL.TLF.CACT.FM.ZS,85.2890488528319
Eritrea,ERI,2015,Ratio of female to male labor force participation rate (%) (modeled ILO estimate),SL.TLF.CACT.FM.ZS,85.2994173121475
Eritrea,ERI,2014,Ratio of female to male labor force participation rate (%) (modeled ILO estimate),SL.TLF.CACT.FM.ZS,85.5596558856713
Eritrea,ERI,2013,Ratio of female to male labor force participation rate (%) (modeled ILO estimate),SL.TLF.CACT.FM.ZS,85.5059241844743
Eritrea,ERI,2012,Ratio of female to male labor force participation rate (%) (modeled ILO estimate),SL.TLF.CACT.FM.ZS,85.4798334269137
Eritrea,ERI,2011,Ratio of female to male labor force participation rate (%) (modeled ILO estimate),SL.TLF.CACT.FM.ZS,85.350006415715
Eritrea,ERI,2010,Ratio of female to male labor force participation rate (%) (modeled ILO estimate),SL.TLF.CACT.FM.ZS,85.150677292688
Eritrea,ERI,2009,Ratio of female to male labor force participation rate (%) (modeled ILO estimate),SL.TLF.CACT.FM.ZS,85.0544328892908
Eritrea,ERI,2008,Ratio of female to male labor force participation rate (%) (modeled ILO estimate),SL.TLF.CACT.FM.ZS,84.8559081139794
Eritrea,ERI,2007,Ratio of female to male labor force participation rate (%) (modeled ILO estimate),SL.TLF.CACT.FM.ZS,84.7168025121799
Eritrea,ERI,2006,Ratio of female to male labor force participation rate (%) (modeled ILO estimate),SL.TLF.CACT.FM.ZS,84.8623164122534
Eritrea,ERI,2005,Ratio of female to male labor force participation rate (%) (modeled ILO estimate),SL.TLF.CACT.FM.ZS,85.0307927393962
Eritrea,ERI,2004,Ratio of female to male labor force participation rate (%) (modeled ILO estimate),SL.TLF.CACT.FM.ZS,84.9950835791544
Eritrea,ERI,2003,Ratio of female to male labor force participation rate (%) (modeled ILO estimate),SL.TLF.CACT.FM.ZS,84.5091812784758
Eritrea,ERI,2002,Ratio of female to male labor force participation rate (%) (modeled ILO estimate),SL.TLF.CACT.FM.ZS,83.9811435175121
Eritrea,ERI,2001,Ratio of female to male labor force participation rate (%) (modeled ILO estimate),SL.TLF.CACT.FM.ZS,83.6053251944561
Eritrea,ERI,2000,Ratio of female to male labor force participation rate (%) (modeled ILO estimate),SL.TLF.CACT.FM.ZS,83.4014253937991
Eritrea,ERI,1999,Ratio of female to male labor force participation rate (%) (modeled ILO estimate),SL.TLF.CACT.FM.ZS,83.6259372617734
Eritrea,ERI,1998,Ratio of female to male labor force participation rate (%) (modeled ILO estimate),SL.TLF.CACT.FM.ZS,83.9835986933778
Eritrea,ERI,1997,Ratio of female to male labor force participation rate (%) (modeled ILO estimate),SL.TLF.CACT.FM.ZS,84.5035485426859
Eritrea,ERI,1996,Ratio of female to male labor force participation rate (%) (modeled ILO estimate),SL.TLF.CACT.FM.ZS,85.1203475809154
Eritrea,ERI,1995,Ratio of female to male labor force participation rate (%) (modeled ILO estimate),SL.TLF.CACT.FM.ZS,84.728083995538
Eritrea,ERI,1994,Ratio of female to male labor force participation rate (%) (modeled ILO estimate),SL.TLF.CACT.FM.ZS,84.0710086192134
Eritrea,ERI,1993,Ratio of female to male labor force participation rate (%) (modeled ILO estimate),SL.TLF.CACT.FM.ZS,83.9523722876768
Eritrea,ERI,1992,Ratio of female to male labor force participation rate (%) (modeled ILO estimate),SL.TLF.CACT.FM.ZS,83.807645665454
Eritrea,ERI,1991,Ratio of female to male labor force participation rate (%) (modeled ILO estimate),SL.TLF.CACT.FM.ZS,83.9151242968608
Eritrea,ERI,1990,Ratio of female to male labor force participation rate (%) (modeled ILO estimate),SL.TLF.CACT.FM.ZS,83.9763149834954
Eritrea,ERI,2024,"Labor force participation rate, male (% of male population ages 15+) (modeled ILO estimate)",SL.TLF.CACT.MA.ZS,84.305
Eritrea,ERI,2023,"Labor force participation rate, male (% of male population ages 15+) (modeled ILO estimate)",SL.TLF.CACT.MA.ZS,84.312
Eritrea,ERI,2022,"Labor force participation rate, male (% of male population ages 15+) (modeled ILO estimate)",SL.TLF.CACT.MA.ZS,84.264
Eritrea,ERI,2021,"Labor force participation rate, male (% of male population ages 15+) (modeled ILO estimate)",SL.TLF.CACT.MA.ZS,83.539
Eritrea,ERI,2020,"Labor force participation rate, male (% of male population ages 15+) (modeled ILO estimate)",SL.TLF.CACT.MA.ZS,83.088
Eritrea,ERI,2019,"Labor force participation rate, male (% of male population ages 15+) (modeled ILO estimate)",SL.TLF.CACT.MA.ZS,84.176
Eritrea,ERI,2018,"Labor force participation rate, male (% of male population ages 15+) (modeled ILO estimate)",SL.TLF.CACT.MA.ZS,84.703
Eritrea,ERI,2017,"Labor force participation rate, male (% of male population ages 15+) (modeled ILO estimate)",SL.TLF.CACT.MA.ZS,85.263
Eritrea,ERI,2016,"Labor force participation rate, male (% of male population ages 15+) (modeled ILO estimate)",SL.TLF.CACT.MA.ZS,85.297
Eritrea,ERI,2015,"Labor force participation rate, male (% of male population ages 15+) (modeled ILO estimate)",SL.TLF.CACT.MA.ZS,85.466
Eritrea,ERI,2014,"Labor force participation rate, male (% of male population ages 15+) (modeled ILO estimate)",SL.TLF.CACT.MA.ZS,85.088
Eritrea,ERI,2013,"Labor force participation rate, male (% of male population ages 15+) (modeled ILO estimate)",SL.TLF.CACT.MA.ZS,85.497
Eritrea,ERI,2012,"Labor force participation rate, male (% of male population ages 15+) (modeled ILO estimate)",SL.TLF.CACT.MA.ZS,85.488
Eritrea,ERI,2011,"Labor force participation rate, male (% of male population ages 15+) (modeled ILO estimate)",SL.TLF.CACT.MA.ZS,85.727
Eritrea,ERI,2010,"Labor force participation rate, male (% of male population ages 15+) (modeled ILO estimate)",SL.TLF.CACT.MA.ZS,86.078
Eritrea,ERI,2009,"Labor force participation rate, male (% of male population ages 15+) (modeled ILO estimate)",SL.TLF.CACT.MA.ZS,86.253
Eritrea,ERI,2008,"Labor force participation rate, male (% of male population ages 15+) (modeled ILO estimate)",SL.TLF.CACT.MA.ZS,86.542
Eritrea,ERI,2007,"Labor force participation rate, male (% of male population ages 15+) (modeled ILO estimate)",SL.TLF.CACT.MA.ZS,86.618
Eritrea,ERI,2006,"Labor force participation rate, male (% of male population ages 15+) (modeled ILO estimate)",SL.TLF.CACT.MA.ZS,86.539
Eritrea,ERI,2005,"Labor force participation rate, male (% of male population ages 15+) (modeled ILO estimate)",SL.TLF.CACT.MA.ZS,86.384
Eritrea,ERI,2004,"Labor force participation rate, male (% of male population ages 15+) (modeled ILO estimate)",SL.TLF.CACT.MA.ZS,86.445
Eritrea,ERI,2003,"Labor force participation rate, male (% of male population ages 15+) (modeled ILO estimate)",SL.TLF.CACT.MA.ZS,86.916
Eritrea,ERI,2002,"Labor force participation rate, male (% of male population ages 15+) (modeled ILO estimate)",SL.TLF.CACT.MA.ZS,87.397
Eritrea,ERI,2001,"Labor force participation rate, male (% of male population ages 15+) (modeled ILO estimate)",SL.TLF.CACT.MA.ZS,87.809
Eritrea,ERI,2000,"Labor force participation rate, male (% of male population ages 15+) (modeled ILO estimate)",SL.TLF.CACT.MA.ZS,88.116
Eritrea,ERI,1999,"Labor force participation rate, male (% of male population ages 15+) (modeled ILO estimate)",SL.TLF.CACT.MA.ZS,87.889
Eritrea,ERI,1998,"Labor force participation rate, male (% of male population ages 15+) (modeled ILO estimate)",SL.TLF.CACT.MA.ZS,87.554
Eritrea,ERI,1997,"Labor force participation rate, male (% of male population ages 15+) (modeled ILO estimate)",SL.TLF.CACT.MA.ZS,87.078
Eritrea,ERI,1996,"Labor force participation rate, male (% of male population ages 15+) (modeled ILO estimate)",SL.TLF.CACT.MA.ZS,86.541
Eritrea,ERI,1995,"Labor force participation rate, male (% of male population ages 15+) (modeled ILO estimate)",SL.TLF.CACT.MA.ZS,86.957
Eritrea,ERI,1994,"Labor force participation rate, male (% of male population ages 15+) (modeled ILO estimate)",SL.TLF.CACT.MA.ZS,87.595
Eritrea,ERI,1993,"Labor force participation rate, male (% of male population ages 15+) (modeled ILO estimate)",SL.TLF.CACT.MA.ZS,87.932
Eritrea,ERI,1992,"Labor force participation rate, male (% of male population ages 15+) (modeled ILO estimate)",SL.TLF.CACT.MA.ZS,88.233
Eritrea,ERI,1991,"Labor force participation rate, male (% of male population ages 15+) (modeled ILO estimate)",SL.TLF.CACT.MA.ZS,88.176
Eritrea,ERI,1990,"Labor force participation rate, male (% of male population ages 15+) (modeled ILO estimate)",SL.TLF.CACT.MA.ZS,88.157
Eritrea,ERI,2024,"Labor force participation rate, total (% of total population ages 15+) (modeled ILO estimate)",SL.TLF.CACT.ZS,78.161
Eritrea,ERI,2023,"Labor force participation rate, total (% of total population ages 15+) (modeled ILO estimate)",SL.TLF.CACT.ZS,78.184
Eritrea,ERI,2022,"Labor force participation rate, total (% of total population ages 15+) (modeled ILO estimate)",SL.TLF.CACT.ZS,78.141
Eritrea,ERI,2021,"Labor force participation rate, total (% of total population ages 15+) (modeled ILO estimate)",SL.TLF.CACT.ZS,77.588
Eritrea,ERI,2020,"Labor force participation rate, total (% of total population ages 15+) (modeled ILO estimate)",SL.TLF.CACT.ZS,77.07
Eritrea,ERI,2019,"Labor force participation rate, total (% of total population ages 15+) (modeled ILO estimate)",SL.TLF.CACT.ZS,78.087
Eritrea,ERI,2018,"Labor force participation rate, total (% of total population ages 15+) (modeled ILO estimate)",SL.TLF.CACT.ZS,78.414
Eritrea,ERI,2017,"Labor force participation rate, total (% of total population ages 15+) (modeled ILO estimate)",SL.TLF.CACT.ZS,78.792
Eritrea,ERI,2016,"Labor force participation rate, total (% of total population ages 15+) (modeled ILO estimate)",SL.TLF.CACT.ZS,78.818
Eritrea,ERI,2015,"Labor force participation rate, total (% of total population ages 15+) (modeled ILO estimate)",SL.TLF.CACT.ZS,78.977
Eritrea,ERI,2014,"Labor force participation rate, total (% of total population ages 15+) (modeled ILO estimate)",SL.TLF.CACT.ZS,78.742
Eritrea,ERI,2013,"Labor force participation rate, total (% of total population ages 15+) (modeled ILO estimate)",SL.TLF.CACT.ZS,79.096
Eritrea,ERI,2012,"Labor force participation rate, total (% of total population ages 15+) (modeled ILO estimate)",SL.TLF.CACT.ZS,79.073
Eritrea,ERI,2011,"Labor force participation rate, total (% of total population ages 15+) (modeled ILO estimate)",SL.TLF.CACT.ZS,79.234
Eritrea,ERI,2010,"Labor force participation rate, total (% of total population ages 15+) (modeled ILO estimate)",SL.TLF.CACT.ZS,79.464
Eritrea,ERI,2009,"Labor force participation rate, total (% of total population ages 15+) (modeled ILO estimate)",SL.TLF.CACT.ZS,79.579
Eritrea,ERI,2008,"Labor force participation rate, total (% of total population ages 15+) (modeled ILO estimate)",SL.TLF.CACT.ZS,79.75
Eritrea,ERI,2007,"Labor force participation rate, total (% of total population ages 15+) (modeled ILO estimate)",SL.TLF.CACT.ZS,79.75
Eritrea,ERI,2006,"Labor force participation rate, total (% of total population ages 15+) (modeled ILO estimate)",SL.TLF.CACT.ZS,79.74
Eritrea,ERI,2005,"Labor force participation rate, total (% of total population ages 15+) (modeled ILO estimate)",SL.TLF.CACT.ZS,79.671
Eritrea,ERI,2004,"Labor force participation rate, total (% of total population ages 15+) (modeled ILO estimate)",SL.TLF.CACT.ZS,79.706
Eritrea,ERI,2003,"Labor force participation rate, total (% of total population ages 15+) (modeled ILO estimate)",SL.TLF.CACT.ZS,79.907
Eritrea,ERI,2002,"Labor force participation rate, total (% of total population ages 15+) (modeled ILO estimate)",SL.TLF.CACT.ZS,80.093
Eritrea,ERI,2001,"Labor force participation rate, total (% of total population ages 15+) (modeled ILO estimate)",SL.TLF.CACT.ZS,80.285
Eritrea,ERI,2000,"Labor force participation rate, total (% of total population ages 15+) (modeled ILO estimate)",SL.TLF.CACT.ZS,80.463
Eritrea,ERI,1999,"Labor force participation rate, total (% of total population ages 15+) (modeled ILO estimate)",SL.TLF.CACT.ZS,80.392
Eritrea,ERI,1998,"Labor force participation rate, total (% of total population ages 15+) (modeled ILO estimate)",SL.TLF.CACT.ZS,80.299
Eritrea,ERI,1997,"Labor force participation rate, total (% of total population ages 15+) (modeled ILO estimate)",SL.TLF.CACT.ZS,80.117
Eritrea,ERI,1996,"Labor force participation rate, total (% of total population ages 15+) (modeled ILO estimate)",SL.TLF.CACT.ZS,79.9
Eritrea,ERI,1995,"Labor force participation rate, total (% of total population ages 15+) (modeled ILO estimate)",SL.TLF.CACT.ZS,80.095
Eritrea,ERI,1994,"Labor force participation rate, total (% of total population ages 15+) (modeled ILO estimate)",SL.TLF.CACT.ZS,80.368
Eritrea,ERI,1993,"Labor force participation rate, total (% of total population ages 15+) (modeled ILO estimate)",SL.TLF.CACT.ZS,80.614
Eritrea,ERI,1992,"Labor force participation rate, total (% of total population ages 15+) (modeled ILO estimate)",SL.TLF.CACT.ZS,80.815
Eritrea,ERI,1991,"Labor force participation rate, total (% of total population ages 15+) (modeled ILO estimate)",SL.TLF.CACT.ZS,80.81
Eritrea,ERI,1990,"Labor force participation rate, total (% of total population ages 15+) (modeled ILO estimate)",SL.TLF.CACT.ZS,80.82
Eritrea,ERI,2024,"Labor force, female (% of total labor force)",SL.TLF.TOTL.FE.ZS,47.5069915609914
Eritrea,ERI,2023,"Labor force, female (% of total labor force)",SL.TLF.TOTL.FE.ZS,47.5636772324595
Eritrea,ERI,2022,"Labor force, female (% of total labor force)",SL.TLF.TOTL.FE.ZS,47.6085171534582
Eritrea,ERI,2021,"Labor force, female (% of total labor force)",SL.TLF.TOTL.FE.ZS,47.738843372201
Eritrea,ERI,2020,"Labor force, female (% of total labor force)",SL.TLF.TOTL.FE.ZS,47.7191754634082
Eritrea,ERI,2019,"Labor force, female (% of total labor force)",SL.TLF.TOTL.FE.ZS,47.7669831382596
Eritrea,ERI,2018,"Labor force, female (% of total labor force)",SL.TLF.TOTL.FE.ZS,47.7020116318056
Eritrea,ERI,2017,"Labor force, female (% of total labor force)",SL.TLF.TOTL.FE.ZS,47.6467104158951
Eritrea,ERI,2016,"Labor force, female (% of total labor force)",SL.TLF.TOTL.FE.ZS,47.6618263748004
Eritrea,ERI,2015,"Labor force, female (% of total labor force)",SL.TLF.TOTL.FE.ZS,47.6755781476458
Eritrea,ERI,2014,"Labor force, female (% of total labor force)",SL.TLF.TOTL.FE.ZS,47.7524616603475
Eritrea,ERI,2013,"Labor force, female (% of total labor force)",SL.TLF.TOTL.FE.ZS,47.7437951177206
Eritrea,ERI,2012,"Labor force, female (% of total labor force)",SL.TLF.TOTL.FE.ZS,47.7587116053784
Eritrea,ERI,2011,"Labor force, female (% of total labor force)",SL.TLF.TOTL.FE.ZS,47.7457138353949
Eritrea,ERI,2010,"Labor force, female (% of total labor force)",SL.TLF.TOTL.FE.ZS,47.723383549495
Eritrea,ERI,2009,"Labor force, female (% of total labor force)",SL.TLF.TOTL.FE.ZS,47.7303275169723
Eritrea,ERI,2008,"Labor force, female (% of total labor force)",SL.TLF.TOTL.FE.ZS,47.7231580189361
Eritrea,ERI,2007,"Labor force, female (% of total labor force)",SL.TLF.TOTL.FE.ZS,47.7377730590107
Eritrea,ERI,2006,"Labor force, female (% of total labor force)",SL.TLF.TOTL.FE.ZS,47.7986544115008
Eritrea,ERI,2005,"Labor force, female (% of total labor force)",SL.TLF.TOTL.FE.ZS,47.8645076013395
Eritrea,ERI,2004,"Labor force, female (% of total labor force)",SL.TLF.TOTL.FE.ZS,47.8934990248622
Eritrea,ERI,2003,"Labor force, female (% of total labor force)",SL.TLF.TOTL.FE.ZS,47.8507547260588
Eritrea,ERI,2002,"Labor force, female (% of total labor force)",SL.TLF.TOTL.FE.ZS,47.8065241844769
Eritrea,ERI,2001,"Labor force, female (% of total labor force)",SL.TLF.TOTL.FE.ZS,47.7880350782055
Eritrea,ERI,2000,"Labor force, female (% of total labor force)",SL.TLF.TOTL.FE.ZS,47.7884194887737
Eritrea,ERI,1999,"Labor force, female (% of total labor force)",SL.TLF.TOTL.FE.ZS,47.6312917934527
Eritrea,ERI,1998,"Labor force, female (% of total labor force)",SL.TLF.TOTL.FE.ZS,47.3745828164043
Eritrea,ERI,1997,"Labor force, female (% of total labor force)",SL.TLF.TOTL.FE.ZS,47.381883979524
Eritrea,ERI,1996,"Labor force, female (% of total labor force)",SL.TLF.TOTL.FE.ZS,47.5475814725843
Eritrea,ERI,1995,"Labor force, female (% of total labor force)",SL.TLF.TOTL.FE.ZS,47.5277825325197
Eritrea,ERI,1994,"Labor force, female (% of total labor force)",SL.TLF.TOTL.FE.ZS,47.4639435163812
Eritrea,ERI,1993,"Labor force, female (% of total labor force)",SL.TLF.TOTL.FE.ZS,47.4888199858043
Eritrea,ERI,1992,"Labor force, female (% of total labor force)",SL.TLF.TOTL.FE.ZS,47.5097445320446
Eritrea,ERI,1991,"Labor force, female (% of total labor force)",SL.TLF.TOTL.FE.ZS,47.5558343847626
Eritrea,ERI,1990,"Labor force, female (% of total labor force)",SL.TLF.TOTL.FE.ZS,47.5745248826064
Eritrea,ERI,2024,"Labor force, total",SL.TLF.TOTL.IN,1709561
Eritrea,ERI,2023,"Labor force, total",SL.TLF.TOTL.IN,1663860
Eritrea,ERI,2022,"Labor force, total",SL.TLF.TOTL.IN,1619790
Eritrea,ERI,2021,"Labor force, total",SL.TLF.TOTL.IN,1565482
Eritrea,ERI,2020,"Labor force, total",SL.TLF.TOTL.IN,1511734
Eritrea,ERI,2019,"Labor force, total",SL.TLF.TOTL.IN,1493025
Eritrea,ERI,2018,"Labor force, total",SL.TLF.TOTL.IN,1464433
Eritrea,ERI,2017,"Labor force, total",SL.TLF.TOTL.IN,1441854
Eritrea,ERI,2016,"Labor force, total",SL.TLF.TOTL.IN,1426498
Eritrea,ERI,2015,"Labor force, total",SL.TLF.TOTL.IN,1419966
Eritrea,ERI,2014,"Labor force, total",SL.TLF.TOTL.IN,1413680
Eritrea,ERI,2013,"Labor force, total",SL.TLF.TOTL.IN,1411308
Eritrea,ERI,2012,"Labor force, total",SL.TLF.TOTL.IN,1390071
Eritrea,ERI,2011,"Labor force, total",SL.TLF.TOTL.IN,1370456
Eritrea,ERI,2010,"Labor force, total",SL.TLF.TOTL.IN,1344056
Eritrea,ERI,2009,"Labor force, total",SL.TLF.TOTL.IN,1316115
Eritrea,ERI,2008,"Labor force, total",SL.TLF.TOTL.IN,1279777
Eritrea,ERI,2007,"Labor force, total",SL.TLF.TOTL.IN,1240437
Eritrea,ERI,2006,"Labor force, total",SL.TLF.TOTL.IN,1225932
Eritrea,ERI,2005,"Labor force, total",SL.TLF.TOTL.IN,1209721
Eritrea,ERI,2004,"Labor force, total",SL.TLF.TOTL.IN,1180346
Eritrea,ERI,2003,"Labor force, total",SL.TLF.TOTL.IN,1122394
Eritrea,ERI,2002,"Labor force, total",SL.TLF.TOTL.IN,1065022
Eritrea,ERI,2001,"Labor force, total",SL.TLF.TOTL.IN,1021603
Eritrea,ERI,2000,"Labor force, total",SL.TLF.TOTL.IN,990129
Eritrea,ERI,1999,"Labor force, total",SL.TLF.TOTL.IN,979669
Eritrea,ERI,1998,"Labor force, total",SL.TLF.TOTL.IN,972893
Eritrea,ERI,1997,"Labor force, total",SL.TLF.TOTL.IN,969915
Eritrea,ERI,1996,"Labor force, total",SL.TLF.TOTL.IN,970756
Eritrea,ERI,1995,"Labor force, total",SL.TLF.TOTL.IN,917213
Eritrea,ERI,1994,"Labor force, total",SL.TLF.TOTL.IN,855186
Eritrea,ERI,1993,"Labor force, total",SL.TLF.TOTL.IN,829829
Eritrea,ERI,1992,"Labor force, total",SL.TLF.TOTL.IN,803271
Eritrea,ERI,1991,"Labor force, total",SL.TLF.TOTL.IN,859148
Eritrea,ERI,1990,"Labor force, total",SL.TLF.TOTL.IN,911038
Eritrea,ERI,2024,"Unemployment, youth female (% of female labor force ages 15-24) (modeled ILO estimate)",SL.UEM.1524.FE.ZS,10.478
Eritrea,ERI,2023,"Unemployment, youth female (% of female labor force ages 15-24) (modeled ILO estimate)",SL.UEM.1524.FE.ZS,10.51
Eritrea,ERI,2022,"Unemployment, youth female (% of female labor force ages 15-24) (modeled ILO estimate)",SL.UEM.1524.FE.ZS,10.714
Eritrea,ERI,2021,"Unemployment, youth female (% of female labor force ages 15-24) (modeled ILO estimate)",SL.UEM.1524.FE.ZS,11.739
Eritrea,ERI,2020,"Unemployment, youth female (% of female labor force ages 15-24) (modeled ILO estimate)",SL.UEM.1524.FE.ZS,11.937
Eritrea,ERI,2019,"Unemployment, youth female (% of female labor force ages 15-24) (modeled ILO estimate)",SL.UEM.1524.FE.ZS,10.419
Eritrea,ERI,2018,"Unemployment, youth female (% of female labor force ages 15-24) (modeled ILO estimate)",SL.UEM.1524.FE.ZS,10.354
Eritrea,ERI,2017,"Unemployment, youth female (% of female labor force ages 15-24) (modeled ILO estimate)",SL.UEM.1524.FE.ZS,10.661
Eritrea,ERI,2016,"Unemployment, youth female (% of female labor force ages 15-24) (modeled ILO estimate)",SL.UEM.1524.FE.ZS,10.821
Eritrea,ERI,2015,"Unemployment, youth female (% of female labor force ages 15-24) (modeled ILO estimate)",SL.UEM.1524.FE.ZS,10.902
Eritrea,ERI,2014,"Unemployment, youth female (% of female labor force ages 15-24) (modeled ILO estimate)",SL.UEM.1524.FE.ZS,10.805
Eritrea,ERI,2013,"Unemployment, youth female (% of female labor force ages 15-24) (modeled ILO estimate)",SL.UEM.1524.FE.ZS,10.984
Eritrea,ERI,2012,"Unemployment, youth female (% of female labor force ages 15-24) (modeled ILO estimate)",SL.UEM.1524.FE.ZS,11.232
Eritrea,ERI,2011,"Unemployment, youth female (% of female labor force ages 15-24) (modeled ILO estimate)",SL.UEM.1524.FE.ZS,11.483
Eritrea,ERI,2010,"Unemployment, youth female (% of female labor force ages 15-24) (modeled ILO estimate)",SL.UEM.1524.FE.ZS,11.662
Eritrea,ERI,2009,"Unemployment, youth female (% of female labor force ages 15-24) (modeled ILO estimate)",SL.UEM.1524.FE.ZS,11.386
Eritrea,ERI,2008,"Unemployment, youth female (% of female labor force ages 15-24) (modeled ILO estimate)",SL.UEM.1524.FE.ZS,11.187
Eritrea,ERI,2007,"Unemployment, youth female (% of female labor force ages 15-24) (modeled ILO estimate)",SL.UEM.1524.FE.ZS,11.314
Eritrea,ERI,2006,"Unemployment, youth female (% of female labor force ages 15-24) (modeled ILO estimate)",SL.UEM.1524.FE.ZS,11.307
Eritrea,ERI,2005,"Unemployment, youth female (% of female labor force ages 15-24) (modeled ILO estimate)",SL.UEM.1524.FE.ZS,11.383
Eritrea,ERI,2004,"Unemployment, youth female (% of female labor force ages 15-24) (modeled ILO estimate)",SL.UEM.1524.FE.ZS,11.333
Eritrea,ERI,2003,"Unemployment, youth female (% of female labor force ages 15-24) (modeled ILO estimate)",SL.UEM.1524.FE.ZS,11.545
Eritrea,ERI,2002,"Unemployment, youth female (% of female labor force ages 15-24) (modeled ILO estimate)",SL.UEM.1524.FE.ZS,11.476
Eritrea,ERI,2001,"Unemployment, youth female (% of female labor force ages 15-24) (modeled ILO estimate)",SL.UEM.1524.FE.ZS,11.388
Eritrea,ERI,2000,"Unemployment, youth female (% of female labor force ages 15-24) (modeled ILO estimate)",SL.UEM.1524.FE.ZS,11.006
Eritrea,ERI,1999,"Unemployment, youth female (% of female labor force ages 15-24) (modeled ILO estimate)",SL.UEM.1524.FE.ZS,10.966
Eritrea,ERI,1998,"Unemployment, youth female (% of female labor force ages 15-24) (modeled ILO estimate)",SL.UEM.1524.FE.ZS,10.806
Eritrea,ERI,1997,"Unemployment, youth female (% of female labor force ages 15-24) (modeled ILO estimate)",SL.UEM.1524.FE.ZS,10.633
Eritrea,ERI,1996,"Unemployment, youth female (% of female labor force ages 15-24) (modeled ILO estimate)",SL.UEM.1524.FE.ZS,10.442
Eritrea,ERI,1995,"Unemployment, youth female (% of female labor force ages 15-24) (modeled ILO estimate)",SL.UEM.1524.FE.ZS,10.45
Eritrea,ERI,1994,"Unemployment, youth female (% of female labor force ages 15-24) (modeled ILO estimate)",SL.UEM.1524.FE.ZS,10.576
Eritrea,ERI,1993,"Unemployment, youth female (% of female labor force ages 15-24) (modeled ILO estimate)",SL.UEM.1524.FE.ZS,10.475
Eritrea,ERI,1992,"Unemployment, youth female (% of female labor force ages 15-24) (modeled ILO estimate)",SL.UEM.1524.FE.ZS,10.354
Eritrea,ERI,1991,"Unemployment, youth female (% of female labor force ages 15-24) (modeled ILO estimate)",SL.UEM.1524.FE.ZS,10.091
Eritrea,ERI,2024,"Unemployment, youth male (% of male labor force ages 15-24) (modeled ILO estimate)",SL.UEM.1524.MA.ZS,8.492
Eritrea,ERI,2023,"Unemployment, youth male (% of male labor force ages 15-24) (modeled ILO estimate)",SL.UEM.1524.MA.ZS,8.529
Eritrea,ERI,2022,"Unemployment, youth male (% of male labor force ages 15-24) (modeled ILO estimate)",SL.UEM.1524.MA.ZS,8.689
Eritrea,ERI,2021,"Unemployment, youth male (% of male labor force ages 15-24) (modeled ILO estimate)",SL.UEM.1524.MA.ZS,9.555
Eritrea,ERI,2020,"Unemployment, youth male (% of male labor force ages 15-24) (modeled ILO estimate)",SL.UEM.1524.MA.ZS,9.651
Eritrea,ERI,2019,"Unemployment, youth male (% of male labor force ages 15-24) (modeled ILO estimate)",SL.UEM.1524.MA.ZS,8.655
Eritrea,ERI,2018,"Unemployment, youth male (% of male labor force ages 15-24) (modeled ILO estimate)",SL.UEM.1524.MA.ZS,8.679
Eritrea,ERI,2017,"Unemployment, youth male (% of male labor force ages 15-24) (modeled ILO estimate)",SL.UEM.1524.MA.ZS,8.815
Eritrea,ERI,2016,"Unemployment, youth male (% of male labor force ages 15-24) (modeled ILO estimate)",SL.UEM.1524.MA.ZS,8.714
Eritrea,ERI,2015,"Unemployment, youth male (% of male labor force ages 15-24) (modeled ILO estimate)",SL.UEM.1524.MA.ZS,8.737
Eritrea,ERI,2014,"Unemployment, youth male (% of male labor force ages 15-24) (modeled ILO estimate)",SL.UEM.1524.MA.ZS,8.563
Eritrea,ERI,2013,"Unemployment, youth male (% of male labor force ages 15-24) (modeled ILO estimate)",SL.UEM.1524.MA.ZS,8.522
Eritrea,ERI,2012,"Unemployment, youth male (% of male labor force ages 15-24) (modeled ILO estimate)",SL.UEM.1524.MA.ZS,8.608
Eritrea,ERI,2011,"Unemployment, youth male (% of male labor force ages 15-24) (modeled ILO estimate)",SL.UEM.1524.MA.ZS,8.803
Eritrea,ERI,2010,"Unemployment, youth male (% of male labor force ages 15-24) (modeled ILO estimate)",SL.UEM.1524.MA.ZS,8.937
Eritrea,ERI,2009,"Unemployment, youth male (% of male labor force ages 15-24) (modeled ILO estimate)",SL.UEM.1524.MA.ZS,8.772
Eritrea,ERI,2008,"Unemployment, youth male (% of male labor force ages 15-24) (modeled ILO estimate)",SL.UEM.1524.MA.ZS,8.634
Eritrea,ERI,2007,"Unemployment, youth male (% of male labor force ages 15-24) (modeled ILO estimate)",SL.UEM.1524.MA.ZS,8.726
Eritrea,ERI,2006,"Unemployment, youth male (% of male labor force ages 15-24) (modeled ILO estimate)",SL.UEM.1524.MA.ZS,8.71
Eritrea,ERI,2005,"Unemployment, youth male (% of male labor force ages 15-24) (modeled ILO estimate)",SL.UEM.1524.MA.ZS,8.795
Eritrea,ERI,2004,"Unemployment, youth male (% of male labor force ages 15-24) (modeled ILO estimate)",SL.UEM.1524.MA.ZS,8.875
Eritrea,ERI,2003,"Unemployment, youth male (% of male labor force ages 15-24) (modeled ILO estimate)",SL.UEM.1524.MA.ZS,9.094
Eritrea,ERI,2002,"Unemployment, youth male (% of male labor force ages 15-24) (modeled ILO estimate)",SL.UEM.1524.MA.ZS,9.236
Eritrea,ERI,2001,"Unemployment, youth male (% of male labor force ages 15-24) (modeled ILO estimate)",SL.UEM.1524.MA.ZS,9.262
Eritrea,ERI,2000,"Unemployment, youth male (% of male labor force ages 15-24) (modeled ILO estimate)",SL.UEM.1524.MA.ZS,9.349
Eritrea,ERI,1999,"Unemployment, youth male (% of male labor force ages 15-24) (modeled ILO estimate)",SL.UEM.1524.MA.ZS,9.289
Eritrea,ERI,1998,"Unemployment, youth male (% of male labor force ages 15-24) (modeled ILO estimate)",SL.UEM.1524.MA.ZS,9.148
Eritrea,ERI,1997,"Unemployment, youth male (% of male labor force ages 15-24) (modeled ILO estimate)",SL.UEM.1524.MA.ZS,9.026
Eritrea,ERI,1996,"Unemployment, youth male (% of male labor force ages 15-24) (modeled ILO estimate)",SL.UEM.1524.MA.ZS,8.889
Eritrea,ERI,1995,"Unemployment, youth male (% of male labor force ages 15-24) (modeled ILO estimate)",SL.UEM.1524.MA.ZS,8.949
Eritrea,ERI,1994,"Unemployment, youth male (% of male labor force ages 15-24) (modeled ILO estimate)",SL.UEM.1524.MA.ZS,9.089
Eritrea,ERI,1993,"Unemployment, youth male (% of male labor force ages 15-24) (modeled ILO estimate)",SL.UEM.1524.MA.ZS,9.029
Eritrea,ERI,1992,"Unemployment, youth male (% of male labor force ages 15-24) (modeled ILO estimate)",SL.UEM.1524.MA.ZS,8.867
Eritrea,ERI,1991,"Unemployment, youth male (% of male labor force ages 15-24) (modeled ILO estimate)",SL.UEM.1524.MA.ZS,8.619
Eritrea,ERI,2024,"Unemployment, youth total (% of total labor force ages 15-24) (modeled ILO estimate)",SL.UEM.1524.ZS,9.432
Eritrea,ERI,2023,"Unemployment, youth total (% of total labor force ages 15-24) (modeled ILO estimate)",SL.UEM.1524.ZS,9.467
Eritrea,ERI,2022,"Unemployment, youth total (% of total labor force ages 15-24) (modeled ILO estimate)",SL.UEM.1524.ZS,9.647
Eritrea,ERI,2021,"Unemployment, youth total (% of total labor force ages 15-24) (modeled ILO estimate)",SL.UEM.1524.ZS,10.589
Eritrea,ERI,2020,"Unemployment, youth total (% of total labor force ages 15-24) (modeled ILO estimate)",SL.UEM.1524.ZS,10.732
Eritrea,ERI,2019,"Unemployment, youth total (% of total labor force ages 15-24) (modeled ILO estimate)",SL.UEM.1524.ZS,9.489
Eritrea,ERI,2018,"Unemployment, youth total (% of total labor force ages 15-24) (modeled ILO estimate)",SL.UEM.1524.ZS,9.469
Eritrea,ERI,2017,"Unemployment, youth total (% of total labor force ages 15-24) (modeled ILO estimate)",SL.UEM.1524.ZS,9.685
Eritrea,ERI,2016,"Unemployment, youth total (% of total labor force ages 15-24) (modeled ILO estimate)",SL.UEM.1524.ZS,9.707
Eritrea,ERI,2015,"Unemployment, youth total (% of total labor force ages 15-24) (modeled ILO estimate)",SL.UEM.1524.ZS,9.758
Eritrea,ERI,2014,"Unemployment, youth total (% of total labor force ages 15-24) (modeled ILO estimate)",SL.UEM.1524.ZS,9.623
Eritrea,ERI,2013,"Unemployment, youth total (% of total labor force ages 15-24) (modeled ILO estimate)",SL.UEM.1524.ZS,9.687
Eritrea,ERI,2012,"Unemployment, youth total (% of total labor force ages 15-24) (modeled ILO estimate)",SL.UEM.1524.ZS,9.851
Eritrea,ERI,2011,"Unemployment, youth total (% of total labor force ages 15-24) (modeled ILO estimate)",SL.UEM.1524.ZS,10.073
Eritrea,ERI,2010,"Unemployment, youth total (% of total labor force ages 15-24) (modeled ILO estimate)",SL.UEM.1524.ZS,10.228
Eritrea,ERI,2009,"Unemployment, youth total (% of total labor force ages 15-24) (modeled ILO estimate)",SL.UEM.1524.ZS,10.012
Eritrea,ERI,2008,"Unemployment, youth total (% of total labor force ages 15-24) (modeled ILO estimate)",SL.UEM.1524.ZS,9.844
Eritrea,ERI,2007,"Unemployment, youth total (% of total labor force ages 15-24) (modeled ILO estimate)",SL.UEM.1524.ZS,9.953
Eritrea,ERI,2006,"Unemployment, youth total (% of total labor force ages 15-24) (modeled ILO estimate)",SL.UEM.1524.ZS,9.944
Eritrea,ERI,2005,"Unemployment, youth total (% of total labor force ages 15-24) (modeled ILO estimate)",SL.UEM.1524.ZS,10.027
Eritrea,ERI,2004,"Unemployment, youth total (% of total labor force ages 15-24) (modeled ILO estimate)",SL.UEM.1524.ZS,10.047
Eritrea,ERI,2003,"Unemployment, youth total (% of total labor force ages 15-24) (modeled ILO estimate)",SL.UEM.1524.ZS,10.262
Eritrea,ERI,2002,"Unemployment, youth total (% of total labor force ages 15-24) (modeled ILO estimate)",SL.UEM.1524.ZS,10.304
Eritrea,ERI,2001,"Unemployment, youth total (% of total labor force ages 15-24) (modeled ILO estimate)",SL.UEM.1524.ZS,10.277
Eritrea,ERI,2000,"Unemployment, youth total (% of total labor force ages 15-24) (modeled ILO estimate)",SL.UEM.1524.ZS,10.142
Eritrea,ERI,1999,"Unemployment, youth total (% of total labor force ages 15-24) (modeled ILO estimate)",SL.UEM.1524.ZS,10.09
Eritrea,ERI,1998,"Unemployment, youth total (% of total labor force ages 15-24) (modeled ILO estimate)",SL.UEM.1524.ZS,9.937
Eritrea,ERI,1997,"Unemployment, youth total (% of total labor force ages 15-24) (modeled ILO estimate)",SL.UEM.1524.ZS,9.791
Eritrea,ERI,1996,"Unemployment, youth total (% of total labor force ages 15-24) (modeled ILO estimate)",SL.UEM.1524.ZS,9.631
Eritrea,ERI,1995,"Unemployment, youth total (% of total labor force ages 15-24) (modeled ILO estimate)",SL.UEM.1524.ZS,9.666
Eritrea,ERI,1994,"Unemployment, youth total (% of total labor force ages 15-24) (modeled ILO estimate)",SL.UEM.1524.ZS,9.797
Eritrea,ERI,1993,"Unemployment, youth total (% of total labor force ages 15-24) (modeled ILO estimate)",SL.UEM.1524.ZS,9.718
Eritrea,ERI,1992,"Unemployment, youth total (% of total labor force ages 15-24) (modeled ILO estimate)",SL.UEM.1524.ZS,9.576
Eritrea,ERI,1991,"Unemployment, youth total (% of total labor force ages 15-24) (modeled ILO estimate)",SL.UEM.1524.ZS,9.323
Eritrea,ERI,2024,"Share of youth not in education, employment or training, female (% of female youth population) (modeled ILO estimate)",SL.UEM.NEET.FE.ME.ZS,33.354
Eritrea,ERI,2023,"Share of youth not in education, employment or training, female (% of female youth population) (modeled ILO estimate)",SL.UEM.NEET.FE.ME.ZS,33.301
Eritrea,ERI,2022,"Share of youth not in education, employment or training, female (% of female youth population) (modeled ILO estimate)",SL.UEM.NEET.FE.ME.ZS,33.321
Eritrea,ERI,2021,"Share of youth not in education, employment or training, female (% of female youth population) (modeled ILO estimate)",SL.UEM.NEET.FE.ME.ZS,33.981
Eritrea,ERI,2020,"Share of youth not in education, employment or training, female (% of female youth population) (modeled ILO estimate)",SL.UEM.NEET.FE.ME.ZS,34.259
Eritrea,ERI,2019,"Share of youth not in education, employment or training, female (% of female youth population) (modeled ILO estimate)",SL.UEM.NEET.FE.ME.ZS,32.648
Eritrea,ERI,2018,"Share of youth not in education, employment or training, female (% of female youth population) (modeled ILO estimate)",SL.UEM.NEET.FE.ME.ZS,32.206
Eritrea,ERI,2017,"Share of youth not in education, employment or training, female (% of female youth population) (modeled ILO estimate)",SL.UEM.NEET.FE.ME.ZS,32.193
Eritrea,ERI,2016,"Share of youth not in education, employment or training, female (% of female youth population) (modeled ILO estimate)",SL.UEM.NEET.FE.ME.ZS,31.984
Eritrea,ERI,2015,"Share of youth not in education, employment or training, female (% of female youth population) (modeled ILO estimate)",SL.UEM.NEET.FE.ME.ZS,31.787
Eritrea,ERI,2014,"Share of youth not in education, employment or training, female (% of female youth population) (modeled ILO estimate)",SL.UEM.NEET.FE.ME.ZS,31.217
Eritrea,ERI,2013,"Share of youth not in education, employment or training, female (% of female youth population) (modeled ILO estimate)",SL.UEM.NEET.FE.ME.ZS,31.533
Eritrea,ERI,2012,"Share of youth not in education, employment or training, female (% of female youth population) (modeled ILO estimate)",SL.UEM.NEET.FE.ME.ZS,31.483
Eritrea,ERI,2011,"Share of youth not in education, employment or training, female (% of female youth population) (modeled ILO estimate)",SL.UEM.NEET.FE.ME.ZS,31.502
Eritrea,ERI,2010,"Share of youth not in education, employment or training, female (% of female youth population) (modeled ILO estimate)",SL.UEM.NEET.FE.ME.ZS,31.637
Eritrea,ERI,2009,"Share of youth not in education, employment or training, female (% of female youth population) (modeled ILO estimate)",SL.UEM.NEET.FE.ME.ZS,31.235
Eritrea,ERI,2008,"Share of youth not in education, employment or training, female (% of female youth population) (modeled ILO estimate)",SL.UEM.NEET.FE.ME.ZS,30.907
Eritrea,ERI,2007,"Share of youth not in education, employment or training, female (% of female youth population) (modeled ILO estimate)",SL.UEM.NEET.FE.ME.ZS,30.668
Eritrea,ERI,2006,"Share of youth not in education, employment or training, female (% of female youth population) (modeled ILO estimate)",SL.UEM.NEET.FE.ME.ZS,30.796
Eritrea,ERI,2005,"Share of youth not in education, employment or training, female (% of female youth population) (modeled ILO estimate)",SL.UEM.NEET.FE.ME.ZS,31.053
Eritrea,ERI,2024,"Share of youth not in education, employment or training, male (% of male youth population)  (modeled ILO estimate)",SL.UEM.NEET.MA.ME.ZS,18.989
Eritrea,ERI,2023,"Share of youth not in education, employment or training, male (% of male youth population)  (modeled ILO estimate)",SL.UEM.NEET.MA.ME.ZS,18.971
Eritrea,ERI,2022,"Share of youth not in education, employment or training, male (% of male youth population)  (modeled ILO estimate)",SL.UEM.NEET.MA.ME.ZS,19.028
Eritrea,ERI,2021,"Share of youth not in education, employment or training, male (% of male youth population)  (modeled ILO estimate)",SL.UEM.NEET.MA.ME.ZS,19.661
Eritrea,ERI,2020,"Share of youth not in education, employment or training, male (% of male youth population)  (modeled ILO estimate)",SL.UEM.NEET.MA.ME.ZS,19.769
Eritrea,ERI,2019,"Share of youth not in education, employment or training, male (% of male youth population)  (modeled ILO estimate)",SL.UEM.NEET.MA.ME.ZS,18.315
Eritrea,ERI,2018,"Share of youth not in education, employment or training, male (% of male youth population)  (modeled ILO estimate)",SL.UEM.NEET.MA.ME.ZS,17.841
Eritrea,ERI,2017,"Share of youth not in education, employment or training, male (% of male youth population)  (modeled ILO estimate)",SL.UEM.NEET.MA.ME.ZS,17.714
Eritrea,ERI,2016,"Share of youth not in education, employment or training, male (% of male youth population)  (modeled ILO estimate)",SL.UEM.NEET.MA.ME.ZS,17.238
Eritrea,ERI,2015,"Share of youth not in education, employment or training, male (% of male youth population)  (modeled ILO estimate)",SL.UEM.NEET.MA.ME.ZS,17.057
Eritrea,ERI,2014,"Share of youth not in education, employment or training, male (% of male youth population)  (modeled ILO estimate)",SL.UEM.NEET.MA.ME.ZS,16.066
Eritrea,ERI,2013,"Share of youth not in education, employment or training, male (% of male youth population)  (modeled ILO estimate)",SL.UEM.NEET.MA.ME.ZS,16.175
Eritrea,ERI,2012,"Share of youth not in education, employment or training, male (% of male youth population)  (modeled ILO estimate)",SL.UEM.NEET.MA.ME.ZS,15.998
Eritrea,ERI,2011,"Share of youth not in education, employment or training, male (% of male youth population)  (modeled ILO estimate)",SL.UEM.NEET.MA.ME.ZS,15.984
Eritrea,ERI,2010,"Share of youth not in education, employment or training, male (% of male youth population)  (modeled ILO estimate)",SL.UEM.NEET.MA.ME.ZS,16.104
Eritrea,ERI,2009,"Share of youth not in education, employment or training, male (% of male youth population)  (modeled ILO estimate)",SL.UEM.NEET.MA.ME.ZS,15.463
Eritrea,ERI,2008,"Share of youth not in education, employment or training, male (% of male youth population)  (modeled ILO estimate)",SL.UEM.NEET.MA.ME.ZS,15.197
Eritrea,ERI,2007,"Share of youth not in education, employment or training, male (% of male youth population)  (modeled ILO estimate)",SL.UEM.NEET.MA.ME.ZS,14.958
Eritrea,ERI,2006,"Share of youth not in education, employment or training, male (% of male youth population)  (modeled ILO estimate)",SL.UEM.NEET.MA.ME.ZS,15.045
Eritrea,ERI,2005,"Share of youth not in education, employment or training, male (% of male youth population)  (modeled ILO estimate)",SL.UEM.NEET.MA.ME.ZS,15.242
Eritrea,ERI,2024,"Share of youth not in education, employment or training, total (% of youth population)  (modeled ILO estimate)",SL.UEM.NEET.ME.ZS,26.128
Eritrea,ERI,2023,"Share of youth not in education, employment or training, total (% of youth population)  (modeled ILO estimate)",SL.UEM.NEET.ME.ZS,26.091
Eritrea,ERI,2022,"Share of youth not in education, employment or training, total (% of youth population)  (modeled ILO estimate)",SL.UEM.NEET.ME.ZS,26.128
Eritrea,ERI,2021,"Share of youth not in education, employment or training, total (% of youth population)  (modeled ILO estimate)",SL.UEM.NEET.ME.ZS,26.773
Eritrea,ERI,2020,"Share of youth not in education, employment or training, total (% of youth population)  (modeled ILO estimate)",SL.UEM.NEET.ME.ZS,26.964
Eritrea,ERI,2019,"Share of youth not in education, employment or training, total (% of youth population)  (modeled ILO estimate)",SL.UEM.NEET.ME.ZS,25.432
Eritrea,ERI,2018,"Share of youth not in education, employment or training, total (% of youth population)  (modeled ILO estimate)",SL.UEM.NEET.ME.ZS,24.974
Eritrea,ERI,2017,"Share of youth not in education, employment or training, total (% of youth population)  (modeled ILO estimate)",SL.UEM.NEET.ME.ZS,24.904
Eritrea,ERI,2016,"Share of youth not in education, employment or training, total (% of youth population)  (modeled ILO estimate)",SL.UEM.NEET.ME.ZS,24.565
Eritrea,ERI,2015,"Share of youth not in education, employment or training, total (% of youth population)  (modeled ILO estimate)",SL.UEM.NEET.ME.ZS,24.383
Eritrea,ERI,2014,"Share of youth not in education, employment or training, total (% of youth population)  (modeled ILO estimate)",SL.UEM.NEET.ME.ZS,23.612
Eritrea,ERI,2013,"Share of youth not in education, employment or training, total (% of youth population)  (modeled ILO estimate)",SL.UEM.NEET.ME.ZS,23.834
Eritrea,ERI,2012,"Share of youth not in education, employment or training, total (% of youth population)  (modeled ILO estimate)",SL.UEM.NEET.ME.ZS,23.727
Eritrea,ERI,2011,"Share of youth not in education, employment or training, total (% of youth population)  (modeled ILO estimate)",SL.UEM.NEET.ME.ZS,23.739
Eritrea,ERI,2010,"Share of youth not in education, employment or training, total (% of youth population)  (modeled ILO estimate)",SL.UEM.NEET.ME.ZS,23.874
Eritrea,ERI,2009,"Share of youth not in education, employment or training, total (% of youth population)  (modeled ILO estimate)",SL.UEM.NEET.ME.ZS,23.36
Eritrea,ERI,2008,"Share of youth not in education, employment or training, total (% of youth population)  (modeled ILO estimate)",SL.UEM.NEET.ME.ZS,23.068
Eritrea,ERI,2007,"Share of youth not in education, employment or training, total (% of youth population)  (modeled ILO estimate)",SL.UEM.NEET.ME.ZS,22.834
Eritrea,ERI,2006,"Share of youth not in education, employment or training, total (% of youth population)  (modeled ILO estimate)",SL.UEM.NEET.ME.ZS,22.954
Eritrea,ERI,2005,"Share of youth not in education, employment or training, total (% of youth population)  (modeled ILO estimate)",SL.UEM.NEET.ME.ZS,23.195
Eritrea,ERI,2024,"Unemployment, female (% of female labor force) (modeled ILO estimate)",SL.UEM.TOTL.FE.ZS,6.253
Eritrea,ERI,2023,"Unemployment, female (% of female labor force) (modeled ILO estimate)",SL.UEM.TOTL.FE.ZS,6.295
Eritrea,ERI,2022,"Unemployment, female (% of female labor force) (modeled ILO estimate)",SL.UEM.TOTL.FE.ZS,6.383
Eritrea,ERI,2021,"Unemployment, female (% of female labor force) (modeled ILO estimate)",SL.UEM.TOTL.FE.ZS,6.862
Eritrea,ERI,2020,"Unemployment, female (% of female labor force) (modeled ILO estimate)",SL.UEM.TOTL.FE.ZS,6.69
Eritrea,ERI,2019,"Unemployment, female (% of female labor force) (modeled ILO estimate)",SL.UEM.TOTL.FE.ZS,6.159
Eritrea,ERI,2018,"Unemployment, female (% of female labor force) (modeled ILO estimate)",SL.UEM.TOTL.FE.ZS,6.091
Eritrea,ERI,2017,"Unemployment, female (% of female labor force) (modeled ILO estimate)",SL.UEM.TOTL.FE.ZS,6.196
Eritrea,ERI,2016,"Unemployment, female (% of female labor force) (modeled ILO estimate)",SL.UEM.TOTL.FE.ZS,6.239
Eritrea,ERI,2015,"Unemployment, female (% of female labor force) (modeled ILO estimate)",SL.UEM.TOTL.FE.ZS,6.265
Eritrea,ERI,2014,"Unemployment, female (% of female labor force) (modeled ILO estimate)",SL.UEM.TOTL.FE.ZS,6.19
Eritrea,ERI,2013,"Unemployment, female (% of female labor force) (modeled ILO estimate)",SL.UEM.TOTL.FE.ZS,6.236
Eritrea,ERI,2012,"Unemployment, female (% of female labor force) (modeled ILO estimate)",SL.UEM.TOTL.FE.ZS,6.375
Eritrea,ERI,2011,"Unemployment, female (% of female labor force) (modeled ILO estimate)",SL.UEM.TOTL.FE.ZS,6.515
Eritrea,ERI,2010,"Unemployment, female (% of female labor force) (modeled ILO estimate)",SL.UEM.TOTL.FE.ZS,6.588
Eritrea,ERI,2009,"Unemployment, female (% of female labor force) (modeled ILO estimate)",SL.UEM.TOTL.FE.ZS,6.457
Eritrea,ERI,2008,"Unemployment, female (% of female labor force) (modeled ILO estimate)",SL.UEM.TOTL.FE.ZS,6.378
Eritrea,ERI,2007,"Unemployment, female (% of female labor force) (modeled ILO estimate)",SL.UEM.TOTL.FE.ZS,6.433
Eritrea,ERI,2006,"Unemployment, female (% of female labor force) (modeled ILO estimate)",SL.UEM.TOTL.FE.ZS,6.423
Eritrea,ERI,2005,"Unemployment, female (% of female labor force) (modeled ILO estimate)",SL.UEM.TOTL.FE.ZS,6.428
Eritrea,ERI,2004,"Unemployment, female (% of female labor force) (modeled ILO estimate)",SL.UEM.TOTL.FE.ZS,6.375
Eritrea,ERI,2003,"Unemployment, female (% of female labor force) (modeled ILO estimate)",SL.UEM.TOTL.FE.ZS,6.483
Eritrea,ERI,2002,"Unemployment, female (% of female labor force) (modeled ILO estimate)",SL.UEM.TOTL.FE.ZS,6.456
Eritrea,ERI,2001,"Unemployment, female (% of female labor force) (modeled ILO estimate)",SL.UEM.TOTL.FE.ZS,6.393
Eritrea,ERI,2000,"Unemployment, female (% of female labor force) (modeled ILO estimate)",SL.UEM.TOTL.FE.ZS,6.19
Eritrea,ERI,1999,"Unemployment, female (% of female labor force) (modeled ILO estimate)",SL.UEM.TOTL.FE.ZS,6.145
Eritrea,ERI,1998,"Unemployment, female (% of female labor force) (modeled ILO estimate)",SL.UEM.TOTL.FE.ZS,6.031
Eritrea,ERI,1997,"Unemployment, female (% of female labor force) (modeled ILO estimate)",SL.UEM.TOTL.FE.ZS,5.901
Eritrea,ERI,1996,"Unemployment, female (% of female labor force) (modeled ILO estimate)",SL.UEM.TOTL.FE.ZS,5.77
Eritrea,ERI,1995,"Unemployment, female (% of female labor force) (modeled ILO estimate)",SL.UEM.TOTL.FE.ZS,5.802
Eritrea,ERI,1994,"Unemployment, female (% of female labor force) (modeled ILO estimate)",SL.UEM.TOTL.FE.ZS,5.914
Eritrea,ERI,1993,"Unemployment, female (% of female labor force) (modeled ILO estimate)",SL.UEM.TOTL.FE.ZS,5.841
Eritrea,ERI,1992,"Unemployment, female (% of female labor force) (modeled ILO estimate)",SL.UEM.TOTL.FE.ZS,5.775
Eritrea,ERI,1991,"Unemployment, female (% of female labor force) (modeled ILO estimate)",SL.UEM.TOTL.FE.ZS,5.607
Eritrea,ERI,2024,"Unemployment, male (% of male labor force) (modeled ILO estimate)",SL.UEM.TOTL.MA.ZS,4.92
Eritrea,ERI,2023,"Unemployment, male (% of male labor force) (modeled ILO estimate)",SL.UEM.TOTL.MA.ZS,4.943
Eritrea,ERI,2022,"Unemployment, male (% of male labor force) (modeled ILO estimate)",SL.UEM.TOTL.MA.ZS,5.071
Eritrea,ERI,2021,"Unemployment, male (% of male labor force) (modeled ILO estimate)",SL.UEM.TOTL.MA.ZS,5.551
Eritrea,ERI,2020,"Unemployment, male (% of male labor force) (modeled ILO estimate)",SL.UEM.TOTL.MA.ZS,5.539
Eritrea,ERI,2019,"Unemployment, male (% of male labor force) (modeled ILO estimate)",SL.UEM.TOTL.MA.ZS,4.996
Eritrea,ERI,2018,"Unemployment, male (% of male labor force) (modeled ILO estimate)",SL.UEM.TOTL.MA.ZS,4.982
Eritrea,ERI,2017,"Unemployment, male (% of male labor force) (modeled ILO estimate)",SL.UEM.TOTL.MA.ZS,5.014
Eritrea,ERI,2016,"Unemployment, male (% of male labor force) (modeled ILO estimate)",SL.UEM.TOTL.MA.ZS,4.93
Eritrea,ERI,2015,"Unemployment, male (% of male labor force) (modeled ILO estimate)",SL.UEM.TOTL.MA.ZS,4.881
Eritrea,ERI,2014,"Unemployment, male (% of male labor force) (modeled ILO estimate)",SL.UEM.TOTL.MA.ZS,4.736
Eritrea,ERI,2013,"Unemployment, male (% of male labor force) (modeled ILO estimate)",SL.UEM.TOTL.MA.ZS,4.68
Eritrea,ERI,2012,"Unemployment, male (% of male labor force) (modeled ILO estimate)",SL.UEM.TOTL.MA.ZS,4.703
Eritrea,ERI,2011,"Unemployment, male (% of male labor force) (modeled ILO estimate)",SL.UEM.TOTL.MA.ZS,4.79
Eritrea,ERI,2010,"Unemployment, male (% of male labor force) (modeled ILO estimate)",SL.UEM.TOTL.MA.ZS,4.842
Eritrea,ERI,2009,"Unemployment, male (% of male labor force) (modeled ILO estimate)",SL.UEM.TOTL.MA.ZS,4.786
Eritrea,ERI,2008,"Unemployment, male (% of male labor force) (modeled ILO estimate)",SL.UEM.TOTL.MA.ZS,4.744
Eritrea,ERI,2007,"Unemployment, male (% of male labor force) (modeled ILO estimate)",SL.UEM.TOTL.MA.ZS,4.79
Eritrea,ERI,2006,"Unemployment, male (% of male labor force) (modeled ILO estimate)",SL.UEM.TOTL.MA.ZS,4.78
Eritrea,ERI,2005,"Unemployment, male (% of male labor force) (modeled ILO estimate)",SL.UEM.TOTL.MA.ZS,4.799
Eritrea,ERI,2004,"Unemployment, male (% of male labor force) (modeled ILO estimate)",SL.UEM.TOTL.MA.ZS,4.827
Eritrea,ERI,2003,"Unemployment, male (% of male labor force) (modeled ILO estimate)",SL.UEM.TOTL.MA.ZS,4.941
Eritrea,ERI,2002,"Unemployment, male (% of male labor force) (modeled ILO estimate)",SL.UEM.TOTL.MA.ZS,5.023
Eritrea,ERI,2001,"Unemployment, male (% of male labor force) (modeled ILO estimate)",SL.UEM.TOTL.MA.ZS,5.023
Eritrea,ERI,2000,"Unemployment, male (% of male labor force) (modeled ILO estimate)",SL.UEM.TOTL.MA.ZS,5.075
Eritrea,ERI,1999,"Unemployment, male (% of male labor force) (modeled ILO estimate)",SL.UEM.TOTL.MA.ZS,5.014
Eritrea,ERI,1998,"Unemployment, male (% of male labor force) (modeled ILO estimate)",SL.UEM.TOTL.MA.ZS,4.91
Eritrea,ERI,1997,"Unemployment, male (% of male labor force) (modeled ILO estimate)",SL.UEM.TOTL.MA.ZS,4.811
Eritrea,ERI,1996,"Unemployment, male (% of male labor force) (modeled ILO estimate)",SL.UEM.TOTL.MA.ZS,4.713
Eritrea,ERI,1995,"Unemployment, male (% of male labor force) (modeled ILO estimate)",SL.UEM.TOTL.MA.ZS,4.781
Eritrea,ERI,1994,"Unemployment, male (% of male labor force) (modeled ILO estimate)",SL.UEM.TOTL.MA.ZS,4.907
Eritrea,ERI,1993,"Unemployment, male (% of male labor force) (modeled ILO estimate)",SL.UEM.TOTL.MA.ZS,4.868
Eritrea,ERI,1992,"Unemployment, male (% of male labor force) (modeled ILO estimate)",SL.UEM.TOTL.MA.ZS,4.786
Eritrea,ERI,1991,"Unemployment, male (% of male labor force) (modeled ILO estimate)",SL.UEM.TOTL.MA.ZS,4.635
Eritrea,ERI,2024,"Unemployment, total (% of total labor force) (modeled ILO estimate)",SL.UEM.TOTL.ZS,5.553
Eritrea,ERI,2023,"Unemployment, total (% of total labor force) (modeled ILO estimate)",SL.UEM.TOTL.ZS,5.586
Eritrea,ERI,2022,"Unemployment, total (% of total labor force) (modeled ILO estimate)",SL.UEM.TOTL.ZS,5.695
Eritrea,ERI,2021,"Unemployment, total (% of total labor force) (modeled ILO estimate)",SL.UEM.TOTL.ZS,6.177
Eritrea,ERI,2020,"Unemployment, total (% of total labor force) (modeled ILO estimate)",SL.UEM.TOTL.ZS,6.088
Eritrea,ERI,2019,"Unemployment, total (% of total labor force) (modeled ILO estimate)",SL.UEM.TOTL.ZS,5.552
Eritrea,ERI,2018,"Unemployment, total (% of total labor force) (modeled ILO estimate)",SL.UEM.TOTL.ZS,5.511
Eritrea,ERI,2017,"Unemployment, total (% of total labor force) (modeled ILO estimate)",SL.UEM.TOTL.ZS,5.577
Eritrea,ERI,2016,"Unemployment, total (% of total labor force) (modeled ILO estimate)",SL.UEM.TOTL.ZS,5.554
Eritrea,ERI,2015,"Unemployment, total (% of total labor force) (modeled ILO estimate)",SL.UEM.TOTL.ZS,5.541
Eritrea,ERI,2014,"Unemployment, total (% of total labor force) (modeled ILO estimate)",SL.UEM.TOTL.ZS,5.43
Eritrea,ERI,2013,"Unemployment, total (% of total labor force) (modeled ILO estimate)",SL.UEM.TOTL.ZS,5.423
Eritrea,ERI,2012,"Unemployment, total (% of total labor force) (modeled ILO estimate)",SL.UEM.TOTL.ZS,5.501
Eritrea,ERI,2011,"Unemployment, total (% of total labor force) (modeled ILO estimate)",SL.UEM.TOTL.ZS,5.614
Eritrea,ERI,2010,"Unemployment, total (% of total labor force) (modeled ILO estimate)",SL.UEM.TOTL.ZS,5.675
Eritrea,ERI,2009,"Unemployment, total (% of total labor force) (modeled ILO estimate)",SL.UEM.TOTL.ZS,5.583
Eritrea,ERI,2008,"Unemployment, total (% of total labor force) (modeled ILO estimate)",SL.UEM.TOTL.ZS,5.524
Eritrea,ERI,2007,"Unemployment, total (% of total labor force) (modeled ILO estimate)",SL.UEM.TOTL.ZS,5.575
Eritrea,ERI,2006,"Unemployment, total (% of total labor force) (modeled ILO estimate)",SL.UEM.TOTL.ZS,5.566
Eritrea,ERI,2005,"Unemployment, total (% of total labor force) (modeled ILO estimate)",SL.UEM.TOTL.ZS,5.579
Eritrea,ERI,2004,"Unemployment, total (% of total labor force) (modeled ILO estimate)",SL.UEM.TOTL.ZS,5.569
Eritrea,ERI,2003,"Unemployment, total (% of total labor force) (modeled ILO estimate)",SL.UEM.TOTL.ZS,5.679
Eritrea,ERI,2002,"Unemployment, total (% of total labor force) (modeled ILO estimate)",SL.UEM.TOTL.ZS,5.708
Eritrea,ERI,2001,"Unemployment, total (% of total labor force) (modeled ILO estimate)",SL.UEM.TOTL.ZS,5.678
Eritrea,ERI,2000,"Unemployment, total (% of total labor force) (modeled ILO estimate)",SL.UEM.TOTL.ZS,5.608
Eritrea,ERI,1999,"Unemployment, total (% of total labor force) (modeled ILO estimate)",SL.UEM.TOTL.ZS,5.553
Eritrea,ERI,1998,"Unemployment, total (% of total labor force) (modeled ILO estimate)",SL.UEM.TOTL.ZS,5.441
Eritrea,ERI,1997,"Unemployment, total (% of total labor force) (modeled ILO estimate)",SL.UEM.TOTL.ZS,5.328
Eritrea,ERI,1996,"Unemployment, total (% of total labor force) (modeled ILO estimate)",SL.UEM.TOTL.ZS,5.215
Eritrea,ERI,1995,"Unemployment, total (% of total labor force) (modeled ILO estimate)",SL.UEM.TOTL.ZS,5.266
Eritrea,ERI,1994,"Unemployment, total (% of total labor force) (modeled ILO estimate)",SL.UEM.TOTL.ZS,5.385
Eritrea,ERI,1993,"Unemployment, total (% of total labor force) (modeled ILO estimate)",SL.UEM.TOTL.ZS,5.33
Eritrea,ERI,1992,"Unemployment, total (% of total labor force) (modeled ILO estimate)",SL.UEM.TOTL.ZS,5.256
Eritrea,ERI,1991,"Unemployment, total (% of total labor force) (modeled ILO estimate)",SL.UEM.TOTL.ZS,5.097
Eritrea,ERI,2011,"Labor force (15-64 years), female",SL.TLF.1564.FE.IN,1487349
Eritrea,ERI,2010,"Labor force (15-64 years), female",SL.TLF.1564.FE.IN,1444686
Eritrea,ERI,2009,"Labor force (15-64 years), female",SL.TLF.1564.FE.IN,1404784
Eritrea,ERI,2008,"Labor force (15-64 years), female",SL.TLF.1564.FE.IN,1367984
Eritrea,ERI,2007,"Labor force (15-64 years), female",SL.TLF.1564.FE.IN,1322964
Eritrea,ERI,2006,"Labor force (15-64 years), female",SL.TLF.1564.FE.IN,1281371
Eritrea,ERI,2005,"Labor force (15-64 years), female",SL.TLF.1564.FE.IN,1233061
Eritrea,ERI,2004,"Labor force (15-64 years), female",SL.TLF.1564.FE.IN,1169336
Eritrea,ERI,2003,"Labor force (15-64 years), female",SL.TLF.1564.FE.IN,1099668
Eritrea,ERI,2002,"Labor force (15-64 years), female",SL.TLF.1564.FE.IN,1025423
Eritrea,ERI,2001,"Labor force (15-64 years), female",SL.TLF.1564.FE.IN,956197
Eritrea,ERI,2000,"Labor force (15-64 years), female",SL.TLF.1564.FE.IN,895046
Eritrea,ERI,1999,"Labor force (15-64 years), female",SL.TLF.1564.FE.IN,719000
Eritrea,ERI,1998,"Labor force (15-64 years), female",SL.TLF.1564.FE.IN,682000
Eritrea,ERI,1997,"Labor force (15-64 years), female",SL.TLF.1564.FE.IN,652000
Eritrea,ERI,1996,"Labor force (15-64 years), female",SL.TLF.1564.FE.IN,633000
Eritrea,ERI,1995,"Labor force (15-64 years), female",SL.TLF.1564.FE.IN,622000
Eritrea,ERI,1994,"Labor force (15-64 years), female",SL.TLF.1564.FE.IN,618000
Eritrea,ERI,1993,"Labor force (15-64 years), female",SL.TLF.1564.FE.IN,630000
Eritrea,ERI,1992,"Labor force (15-64 years), female",SL.TLF.1564.FE.IN,641000
Eritrea,ERI,1991,"Labor force (15-64 years), female",SL.TLF.1564.FE.IN,644000
Eritrea,ERI,1990,"Labor force (15-64 years), female",SL.TLF.1564.FE.IN,640000
Eritrea,ERI,2011,"Labor force (15-64 years), female (% of total labor force 15-64 years)",SL.TLF.1564.FE.ZS,48.6688097296455
Eritrea,ERI,2010,"Labor force (15-64 years), female (% of total labor force 15-64 years)",SL.TLF.1564.FE.ZS,48.652471426036
Eritrea,ERI,2009,"Labor force (15-64 years), female (% of total labor force 15-64 years)",SL.TLF.1564.FE.ZS,48.6718847716037
Eritrea,ERI,2008,"Labor force (15-64 years), female (% of total labor force 15-64 years)",SL.TLF.1564.FE.ZS,48.6994981543457
Eritrea,ERI,2007,"Labor force (15-64 years), female (% of total labor force 15-64 years)",SL.TLF.1564.FE.ZS,48.5094577683062
Eritrea,ERI,2006,"Labor force (15-64 years), female (% of total labor force 15-64 years)",SL.TLF.1564.FE.ZS,48.4510183300544
Eritrea,ERI,2005,"Labor force (15-64 years), female (% of total labor force 15-64 years)",SL.TLF.1564.FE.ZS,48.3161309510049
Eritrea,ERI,2004,"Labor force (15-64 years), female (% of total labor force 15-64 years)",SL.TLF.1564.FE.ZS,48.1744691825547
Eritrea,ERI,2003,"Labor force (15-64 years), female (% of total labor force 15-64 years)",SL.TLF.1564.FE.ZS,47.9599945221873
Eritrea,ERI,2002,"Labor force (15-64 years), female (% of total labor force 15-64 years)",SL.TLF.1564.FE.ZS,47.6347821805129
Eritrea,ERI,2001,"Labor force (15-64 years), female (% of total labor force 15-64 years)",SL.TLF.1564.FE.ZS,47.3805114950873
Eritrea,ERI,2000,"Labor force (15-64 years), female (% of total labor force 15-64 years)",SL.TLF.1564.FE.ZS,47.2386346783425
Eritrea,ERI,1999,"Labor force (15-64 years), female (% of total labor force 15-64 years)",SL.TLF.1564.FE.ZS,46.9934640522876
Eritrea,ERI,1998,"Labor force (15-64 years), female (% of total labor force 15-64 years)",SL.TLF.1564.FE.ZS,46.7764060356653
Eritrea,ERI,1997,"Labor force (15-64 years), female (% of total labor force 15-64 years)",SL.TLF.1564.FE.ZS,46.6047176554682
Eritrea,ERI,1996,"Labor force (15-64 years), female (% of total labor force 15-64 years)",SL.TLF.1564.FE.ZS,46.6126656848306
Eritrea,ERI,1995,"Labor force (15-64 years), female (% of total labor force 15-64 years)",SL.TLF.1564.FE.ZS,46.6616654163541
Eritrea,ERI,1994,"Labor force (15-64 years), female (% of total labor force 15-64 years)",SL.TLF.1564.FE.ZS,46.6767371601208
Eritrea,ERI,1993,"Labor force (15-64 years), female (% of total labor force 15-64 years)",SL.TLF.1564.FE.ZS,47.1204188481675
Eritrea,ERI,1992,"Labor force (15-64 years), female (% of total labor force 15-64 years)",SL.TLF.1564.FE.ZS,47.3062730627306
Eritrea,ERI,1991,"Labor force (15-64 years), female (% of total labor force 15-64 years)",SL.TLF.1564.FE.ZS,47.3181484202792
Eritrea,ERI,1990,"Labor force (15-64 years), female (% of total labor force 15-64 years)",SL.TLF.1564.FE.ZS,47.2324723247232
Eritrea,ERI,2011,"Labor force (15-64 years), total",SL.TLF.1564.IN,3056062
Eritrea,ERI,2010,"Labor force (15-64 years), total",SL.TLF.1564.IN,2969399
Eritrea,ERI,2009,"Labor force (15-64 years), total",SL.TLF.1564.IN,2886233
Eritrea,ERI,2008,"Labor force (15-64 years), total",SL.TLF.1564.IN,2809031
Eritrea,ERI,2007,"Labor force (15-64 years), total",SL.TLF.1564.IN,2727229
Eritrea,ERI,2006,"Labor force (15-64 years), total",SL.TLF.1564.IN,2644673
Eritrea,ERI,2005,"Labor force (15-64 years), total",SL.TLF.1564.IN,2552069
Eritrea,ERI,2004,"Labor force (15-64 years), total",SL.TLF.1564.IN,2427294
Eritrea,ERI,2003,"Labor force (15-64 years), total",SL.TLF.1564.IN,2292886
Eritrea,ERI,2002,"Labor force (15-64 years), total",SL.TLF.1564.IN,2152677
Eritrea,ERI,2001,"Labor force (15-64 years), total",SL.TLF.1564.IN,2018123
Eritrea,ERI,2000,"Labor force (15-64 years), total",SL.TLF.1564.IN,1894733
Eritrea,ERI,1999,"Labor force (15-64 years), total",SL.TLF.1564.IN,1530000
Eritrea,ERI,1998,"Labor force (15-64 years), total",SL.TLF.1564.IN,1458000
Eritrea,ERI,1997,"Labor force (15-64 years), total",SL.TLF.1564.IN,1399000
Eritrea,ERI,1996,"Labor force (15-64 years), total",SL.TLF.1564.IN,1358000
Eritrea,ERI,1995,"Labor force (15-64 years), total",SL.TLF.1564.IN,1333000
Eritrea,ERI,1994,"Labor force (15-64 years), total",SL.TLF.1564.IN,1324000
Eritrea,ERI,1993,"Labor force (15-64 years), total",SL.TLF.1564.IN,1337000
Eritrea,ERI,1992,"Labor force (15-64 years), total",SL.TLF.1564.IN,1355000
Eritrea,ERI,1991,"Labor force (15-64 years), total",SL.TLF.1564.IN,1361000
Eritrea,ERI,1990,"Labor force (15-64 years), total",SL.TLF.1564.IN,1355000
Eritrea,ERI,2011,"Labor force (15-64 years), male",SL.TLF.1564.MA.IN,1568713
Eritrea,ERI,2010,"Labor force (15-64 years), male",SL.TLF.1564.MA.IN,1524714
Eritrea,ERI,2009,"Labor force (15-64 years), male",SL.TLF.1564.MA.IN,1481449
Eritrea,ERI,2008,"Labor force (15-64 years), male",SL.TLF.1564.MA.IN,1441047
Eritrea,ERI,2007,"Labor force (15-64 years), male",SL.TLF.1564.MA.IN,1404265
Eritrea,ERI,2006,"Labor force (15-64 years), male",SL.TLF.1564.MA.IN,1363303
Eritrea,ERI,2005,"Labor force (15-64 years), male",SL.TLF.1564.MA.IN,1319008
Eritrea,ERI,2004,"Labor force (15-64 years), male",SL.TLF.1564.MA.IN,1257958
Eritrea,ERI,2003,"Labor force (15-64 years), male",SL.TLF.1564.MA.IN,1193218
Eritrea,ERI,2002,"Labor force (15-64 years), male",SL.TLF.1564.MA.IN,1127254
Eritrea,ERI,2001,"Labor force (15-64 years), male",SL.TLF.1564.MA.IN,1061925
Eritrea,ERI,2000,"Labor force (15-64 years), male",SL.TLF.1564.MA.IN,999687
Eritrea,ERI,1999,"Labor force (15-64 years), male",SL.TLF.1564.MA.IN,811000
Eritrea,ERI,1998,"Labor force (15-64 years), male",SL.TLF.1564.MA.IN,776000
Eritrea,ERI,1997,"Labor force (15-64 years), male",SL.TLF.1564.MA.IN,747000
Eritrea,ERI,1996,"Labor force (15-64 years), male",SL.TLF.1564.MA.IN,725000
Eritrea,ERI,1995,"Labor force (15-64 years), male",SL.TLF.1564.MA.IN,711000
Eritrea,ERI,1994,"Labor force (15-64 years), male",SL.TLF.1564.MA.IN,706000
Eritrea,ERI,1993,"Labor force (15-64 years), male",SL.TLF.1564.MA.IN,708000
Eritrea,ERI,1992,"Labor force (15-64 years), male",SL.TLF.1564.MA.IN,713000
Eritrea,ERI,1991,"Labor force (15-64 years), male",SL.TLF.1564.MA.IN,717000
Eritrea,ERI,1990,"Labor force (15-64 years), male",SL.TLF.1564.MA.IN,715000
Eritrea,ERI,2011,"Labor force (15-64 years), male (% of total labor force 15-64 years)",SL.TLF.1564.MA.ZS,51.3311902703545
Eritrea,ERI,2010,"Labor force (15-64 years), male (% of total labor force 15-64 years)",SL.TLF.1564.MA.ZS,51.3475622508124
Eritrea,ERI,2009,"Labor force (15-64 years), male (% of total labor force 15-64 years)",SL.TLF.1564.MA.ZS,51.3281152283963
Eritrea,ERI,2008,"Labor force (15-64 years), male (% of total labor force 15-64 years)",SL.TLF.1564.MA.ZS,51.3005018456542
Eritrea,ERI,2007,"Labor force (15-64 years), male (% of total labor force 15-64 years)",SL.TLF.1564.MA.ZS,51.4905422316938
Eritrea,ERI,2006,"Labor force (15-64 years), male (% of total labor force 15-64 years)",SL.TLF.1564.MA.ZS,51.5490194818036
Eritrea,ERI,2005,"Labor force (15-64 years), male (% of total labor force 15-64 years)",SL.TLF.1564.MA.ZS,51.6838690489951
Eritrea,ERI,2004,"Labor force (15-64 years), male (% of total labor force 15-64 years)",SL.TLF.1564.MA.ZS,51.8255308174453
Eritrea,ERI,2003,"Labor force (15-64 years), male (% of total labor force 15-64 years)",SL.TLF.1564.MA.ZS,52.0400054778127
Eritrea,ERI,2002,"Labor force (15-64 years), male (% of total labor force 15-64 years)",SL.TLF.1564.MA.ZS,52.3652178194871
Eritrea,ERI,2001,"Labor force (15-64 years), male (% of total labor force 15-64 years)",SL.TLF.1564.MA.ZS,52.6194389539191
Eritrea,ERI,2000,"Labor force (15-64 years), male (% of total labor force 15-64 years)",SL.TLF.1564.MA.ZS,52.7613653216575
Eritrea,ERI,1999,"Labor force (15-64 years), male (% of total labor force 15-64 years)",SL.TLF.1564.MA.ZS,53.0065359477124
Eritrea,ERI,1998,"Labor force (15-64 years), male (% of total labor force 15-64 years)",SL.TLF.1564.MA.ZS,53.2235939643347
Eritrea,ERI,1997,"Labor force (15-64 years), male (% of total labor force 15-64 years)",SL.TLF.1564.MA.ZS,53.3952823445318
Eritrea,ERI,1996,"Labor force (15-64 years), male (% of total labor force 15-64 years)",SL.TLF.1564.MA.ZS,53.3873343151694
Eritrea,ERI,1995,"Labor force (15-64 years), male (% of total labor force 15-64 years)",SL.TLF.1564.MA.ZS,53.3383345836459
Eritrea,ERI,1994,"Labor force (15-64 years), male (% of total labor force 15-64 years)",SL.TLF.1564.MA.ZS,53.3232628398791
Eritrea,ERI,1993,"Labor force (15-64 years), male (% of total labor force 15-64 years)",SL.TLF.1564.MA.ZS,52.9543754674645
Eritrea,ERI,1992,"Labor force (15-64 years), male (% of total labor force 15-64 years)",SL.TLF.1564.MA.ZS,52.619926199262
Eritrea,ERI,1991,"Labor force (15-64 years), male (% of total labor force 15-64 years)",SL.TLF.1564.MA.ZS,52.6818515797208
Eritrea,ERI,1990,"Labor force (15-64 years), male (% of total labor force 15-64 years)",SL.TLF.1564.MA.ZS,52.7675276752767
